freq_hz,h1_db,h2_target_db,h2_actual_db,h2_actual_linear,h2_actual_phase_rad,htotal_actual_db
3500000000.000000,0.385545101,-0.385545101,-0.350812715,0.960415950638,-1.178097245096,0.034732386
3501000000.000000,0.390103627,-0.390103627,-0.352717943,0.960205309016,-1.194590606528,0.037385684
3502000000.000000,0.388335144,-0.388335144,-0.354406435,0.960018668189,-1.211083967959,0.033928709
3503000000.000000,0.411742411,-0.411742411,-0.355880529,0.959855755897,-1.227577329390,0.055861882
3504000000.000000,0.370056173,-0.370056173,-0.357142669,0.959716290152,-1.244070690822,0.012913504
3505000000.000000,0.389723039,-0.389723039,-0.358195399,0.959599979571,-1.260564052253,0.031527640
3506000000.000000,0.378267416,-0.378267416,-0.359041363,0.959506523706,-1.277057413684,0.019226053
3507000000.000000,0.384897054,-0.384897054,-0.359683299,0.959435613370,-1.293550775116,0.025213755
3508000000.000000,0.369610607,-0.369610607,-0.360124038,0.959386930968,-1.310044136547,0.009486569
3509000000.000000,0.363948630,-0.363948630,-0.360366498,0.959360150816,-1.326537497978,0.003582132
3510000000.000000,0.358643051,-0.358643051,-0.360413681,0.959354939470,-1.343030859410,-0.001770630
3511000000.000000,0.381527957,-0.381527957,-0.360268670,0.959370956045,-1.359524220841,0.021259287
3512000000.000000,0.359485517,-0.359485517,-0.359934625,0.959407852531,-1.376017582272,-0.000449108
3513000000.000000,0.365130939,-0.365130939,-0.359414781,0.959465274117,-1.392510943704,0.005716158
3514000000.000000,0.348838602,-0.348838602,-0.358712441,0.959542859500,-1.409004305135,-0.009873839
3515000000.000000,0.353846978,-0.353846978,-0.357830976,0.959640241200,-1.425497666566,-0.003983998
3516000000.000000,0.354219621,-0.354219621,-0.356773818,0.959757045870,-1.441991027998,-0.002554197
3517000000.000000,0.379389740,-0.379389740,-0.355544462,0.959892894604,-1.458484389429,0.023845278
3518000000.000000,0.346440227,-0.346440227,-0.354146455,0.960047403243,-1.474977750860,-0.007706228
3519000000.000000,0.344266768,-0.344266768,-0.352583398,0.960220182675,-1.491471112292,-0.008316630
3520000000.000000,0.334339359,-0.334339359,-0.350858943,0.960410839140,-1.507964473723,-0.016519584
3521000000.000000,0.352910279,-0.352910279,-0.348976785,0.960618974521,-1.524457835154,0.003933494
3522000000.000000,0.323927543,-0.323927543,-0.346940662,0.960844186644,-1.540951196586,-0.023013119
3523000000.000000,0.320546411,-0.320546411,-0.344754351,0.961086069568,-1.557444558017,-0.024207940
3524000000.000000,0.321070052,-0.321070052,-0.342421666,0.961344213870,-1.573937919448,-0.021351614
3525000000.000000,0.316487500,-0.316487500,-0.339946450,0.961618206936,-1.590431280880,-0.023458950
3526000000.000000,0.321173580,-0.321173580,-0.337332578,0.961907633241,-1.606924642311,-0.016158998
3527000000.000000,0.302954152,-0.302954152,-0.334583950,0.962212074626,-1.623418003743,-0.031629798
3528000000.000000,0.299820389,-0.299820389,-0.331704490,0.962531110579,-1.639911365174,-0.031884101
3529000000.000000,0.307630077,-0.307630077,-0.328698139,0.962864318504,-1.656404726605,-0.021068062
3530000000.000000,0.307521184,-0.307521184,-0.325568856,0.963211273989,-1.672898088037,-0.018047672
3531000000.000000,0.314253072,-0.314253072,-0.322320616,0.963571551078,-1.689391449468,-0.008067544
3532000000.000000,0.295837769,-0.295837769,-0.318957401,0.963944722528,-1.705884810899,-0.023119632
3533000000.000000,0.294224839,-0.294224839,-0.315483202,0.964330360070,-1.722378172331,-0.021258363
3534000000.000000,0.293877858,-0.293877858,-0.311902017,0.964728034662,-1.738871533762,-0.018024159
3535000000.000000,0.292222115,-0.292222115,-0.308217844,0.965137316747,-1.755364895193,-0.015995729
3536000000.000000,0.295793278,-0.295793278,-0.304434681,0.965557776493,-1.771858256625,-0.008641403
3537000000.000000,0.257978061,-0.257978061,-0.300556523,0.965988984043,-1.788351618056,-0.042578462
3538000000.000000,0.282513694,-0.282513694,-0.296587361,0.966430509753,-1.804844979487,-0.014073667
3539000000.000000,0.268421081,-0.268421081,-0.292531174,0.966881924430,-1.821338340919,-0.024110093
3540000000.000000,0.264366940,-0.264366940,-0.288391934,0.967342799563,-1.837831702350,-0.024024994
3541000000.000000,0.259884767,-0.259884767,-0.284173597,0.967812707553,-1.854325063781,-0.024288830
3542000000.000000,0.268320112,-0.268320112,-0.279880105,0.968291221939,-1.870818425213,-0.011559993
3543000000.000000,0.247414499,-0.247414499,-0.275515382,0.968777917618,-1.887311786644,-0.028100883
3544000000.000000,0.244932981,-0.244932981,-0.271083331,0.969272371061,-1.903805148075,-0.026150350
3545000000.000000,0.265245013,-0.265245013,-0.266587835,0.969774160527,-1.920298509507,-0.001342822
3546000000.000000,0.245134451,-0.245134451,-0.262032751,0.970282866273,-1.936791870938,-0.016898300
3547000000.000000,0.246635045,-0.246635045,-0.257421908,0.970798070755,-1.953285232369,-0.010786863
3548000000.000000,0.247277721,-0.247277721,-0.252759110,0.971319358831,-1.969778593801,-0.005481389
3549000000.000000,0.233482322,-0.233482322,-0.248048128,0.971846317961,-1.986271955232,-0.014565806
3550000000.000000,0.234840983,-0.234840983,-0.243292703,0.972378538390,-2.002765316663,-0.008451720
3551000000.000000,0.244274976,-0.244274976,-0.238496540,0.972915613346,-2.019258678095,0.005778436
3552000000.000000,0.221875094,-0.221875094,-0.233663309,0.973457139215,-2.035752039526,-0.011788215
3553000000.000000,0.215546963,-0.215546963,-0.228796644,0.974002715728,-2.052245400958,-0.013249681
3554000000.000000,0.206624766,-0.206624766,-0.223900138,0.974551946130,-2.068738762389,-0.017275372
3555000000.000000,0.195111605,-0.195111605,-0.218977345,0.975104437356,-2.085232123820,-0.023865740
3556000000.000000,0.189037771,-0.189037771,-0.214031775,0.975659800192,-2.101725485252,-0.024994004
3557000000.000000,0.197832243,-0.197832243,-0.209066896,0.976217649443,-2.118218846683,-0.011234653
3558000000.000000,0.185507347,-0.185507347,-0.204086132,0.976777604087,-2.134712208114,-0.018578785
3559000000.000000,0.179280281,-0.179280281,-0.199092859,0.977339287430,-2.151205569546,-0.019812578
3560000000.000000,0.186995608,-0.186995608,-0.194090406,0.977902327254,-2.167698930977,-0.007094798
3561000000.000000,0.178977644,-0.178977644,-0.189082055,0.978466355963,-2.184192292408,-0.010104411
3562000000.000000,0.163484446,-0.163484446,-0.184071035,0.979031010725,-2.200685653840,-0.020586589
3563000000.000000,0.172030295,-0.172030295,-0.179060527,0.979595933604,-2.217179015271,-0.007030232
3564000000.000000,0.174336264,-0.174336264,-0.174053659,0.980160771695,-2.233672376702,0.000282605
3565000000.000000,0.160114140,-0.160114140,-0.169053506,0.980725177250,-2.250165738134,-0.008939366
3566000000.000000,0.169186889,-0.169186889,-0.164063090,0.981288807801,-2.266659099565,0.005123799
3567000000.000000,0.148007316,-0.148007316,-0.159085378,0.981851326279,-2.283152460996,-0.011078062
3568000000.000000,0.148582588,-0.148582588,-0.154123280,0.982412401129,-2.299645822428,-0.005540692
3569000000.000000,0.151986124,-0.151986124,-0.149179652,0.982971706419,-2.316139183859,0.002806472
3570000000.000000,0.157070928,-0.157070928,-0.144257291,0.983528921943,-2.332632545290,0.012813637
3571000000.000000,0.130327178,-0.130327178,-0.139358938,0.984083733329,-2.349125906722,-0.009031760
3572000000.000000,0.147729774,-0.147729774,-0.134487275,0.984635832128,-2.365619268153,0.013242499
3573000000.000000,0.123429191,-0.123429191,-0.129644925,0.985184915913,-2.382112629584,-0.006215734
3574000000.000000,0.135891322,-0.135891322,-0.124834450,0.985730688362,-2.398605991016,0.011056872
3575000000.000000,0.133347125,-0.133347125,-0.120058356,0.986272859347,-2.415099352447,0.013288769
3576000000.000000,0.121355517,-0.121355517,-0.115319085,0.986811145010,-2.431592713879,0.006036432
3577000000.000000,0.113738385,-0.113738385,-0.110619020,0.987345267841,-2.448086075310,0.003119365
3578000000.000000,0.101294044,-0.101294044,-0.105960481,0.987874956745,-2.464579436741,-0.004666437
3579000000.000000,0.114563368,-0.114563368,-0.101345730,0.988399947115,-2.481072798173,0.013217638
3580000000.000000,0.092685139,-0.092685139,-0.096776964,0.988919980892,-2.497566159604,-0.004091825
3581000000.000000,0.111766829,-0.111766829,-0.092256319,0.989434806622,-2.514059521035,0.019510510
3582000000.000000,0.099320028,-0.099320028,-0.087785870,0.989944179514,-2.530552882467,0.011534158
3583000000.000000,0.098002406,-0.098002406,-0.083367627,0.990447861486,-2.547046243898,0.014634779
3584000000.000000,0.109891195,-0.109891195,-0.079003541,0.990945621218,-2.563539605329,0.030887654
3585000000.000000,0.083891178,-0.083891178,-0.074695497,0.991437234186,-2.580032966761,0.009195681
3586000000.000000,0.087311897,-0.087311897,-0.070445320,0.991922482709,-2.596526328192,0.016866577
3587000000.000000,0.094302890,-0.094302890,-0.066254770,0.992401155976,-2.613019689623,0.028048120
3588000000.000000,0.063510981,-0.063510981,-0.062125547,0.992873050081,-2.629513051055,0.001385434
3589000000.000000,0.076308885,-0.076308885,-0.058059286,0.993337968048,-2.646006412486,0.018249599
3590000000.000000,0.075206652,-0.075206652,-0.054057561,0.993795719852,-2.662499773917,0.021149091
3591000000.000000,0.056876786,-0.056876786,-0.050121882,0.994246122440,-2.678993135349,0.006754904
3592000000.000000,0.054734959,-0.054734959,-0.046253698,0.994688999747,-2.695486496780,0.008481261
3593000000.000000,0.046984997,-0.046984997,-0.042454395,0.995124182701,-2.711979858211,0.004530602
3594000000.000000,0.045303467,-0.045303467,-0.038725298,0.995551509238,-2.728473219643,0.006578169
3595000000.000000,0.041254529,-0.041254529,-0.035067670,0.995970824302,-2.744966581074,0.006186859
3596000000.000000,0.042456831,-0.042456831,-0.031482711,0.996381979843,-2.761459942505,0.010974120
3597000000.000000,0.039190590,-0.039190590,-0.027971561,0.996784834818,-2.777953303937,0.011219029
3598000000.000000,0.044076475,-0.044076475,-0.024535298,0.997179255182,-2.794446665368,0.019541177
3599000000.000000,0.055318316,-0.055318316,-0.021174942,0.997565113875,-2.810940026799,0.034143374
3600000000.000000,0.037307265,-0.037307265,-0.017891449,0.997942290810,-2.827433388231,0.019415816
3601000000.000000,0.041130615,-0.041130615,-0.014685717,0.998310672857,-2.843926749662,0.026444898
3602000000.000000,0.031714462,-0.031714462,-0.011558584,0.998670153820,-2.860420111093,0.020155878
3603000000.000000,0.028585077,-0.028585077,-0.008510830,0.999020634412,-2.876913472525,0.020074247
3604000000.000000,0.041998470,-0.041998470,-0.005543173,0.999362022228,-2.893406833956,0.036455297
3605000000.000000,0.045079698,-0.045079698,-0.002656276,0.999694231718,-2.909900195388,0.042423422
3606000000.000000,0.019404789,-0.019404789,0.000149258,1.000017184145,-2.926393556819,0.019554047
3607000000.000000,0.025176006,-0.025176006,0.002872883,1.000330807557,-2.942886918250,0.028048889
3608000000.000000,0.002018566,-0.002018566,0.005514108,1.000635036741,-2.959380279682,0.007532674
3609000000.000000,0.006572680,-0.006572680,0.008072502,1.000929813180,-2.975873641113,0.014645182
3610000000.000000,0.005641941,-0.005641941,0.010547687,1.001215085009,-2.992367002544,0.016189628
3611000000.000000,0.017988899,-0.017988899,0.012939342,1.001490806966,-3.008860363976,0.030928241
3612000000.000000,0.013313955,-0.013313955,0.015247200,1.001756940338,-3.025353725407,0.028561155
3613000000.000000,-0.005246800,0.005246800,0.017471047,1.002013452907,-3.041847086838,0.012224247
3614000000.000000,-0.005179258,0.005179258,0.019610726,1.002260318893,-3.058340448270,0.014431468
3615000000.000000,0.022775649,-0.022775649,0.021666129,1.002497518894,-3.074833809701,0.044441778
3616000000.000000,-0.012625905,0.012625905,0.023637204,1.002725039823,-3.091327171132,0.011011299
3617000000.000000,-0.011631957,0.011631957,0.025523948,1.002942874841,-3.107820532564,0.013891991
3618000000.000000,-0.004798041,0.004798041,0.027326410,1.003151023291,-3.124313893995,0.022528369
3619000000.000000,0.014757704,-0.014757704,0.029044691,1.003349490627,-3.140807255426,0.043802395
3620000000.000000,0.003196523,-0.003196523,0.030678939,1.003538288340,-3.157300616858,0.033875462
3621000000.000000,0.015093102,-0.015093102,0.032229352,1.003717433886,-3.173793978289,0.047322454
3622000000.000000,-0.023565465,0.023565465,0.033696179,1.003886950604,-3.190287339720,0.010130714
3623000000.000000,-0.022306703,0.022306703,0.035079712,1.004046867640,-3.206780701152,0.012773009
3624000000.000000,-0.011148135,0.011148135,0.036380294,1.004197219864,-3.223274062583,0.025232159
3625000000.000000,-0.013105759,0.013105759,0.037598312,1.004338047787,-3.239767424014,0.024492553
3626000000.000000,-0.029106726,0.029106726,0.038734198,1.004469397470,-3.256260785446,0.009627472
3627000000.000000,-0.010532899,0.010532899,0.039788432,1.004591320446,-3.272754146877,0.029255533
3628000000.000000,-0.021766216,0.021766216,0.040761534,1.004703873618,-3.289247508309,0.018995318
3629000000.000000,-0.020878766,0.020878766,0.041654069,1.004807119179,-3.305740869740,0.020775303
3630000000.000000,-0.025068859,0.025068859,0.042466644,1.004901124508,-3.322234231171,0.017397785
3631000000.000000,-0.042797494,0.042797494,0.043199909,1.004985962084,-3.338727592603,0.000402415
3632000000.000000,-0.002390482,0.002390482,0.043854553,1.005061709381,-3.355220954034,0.041464071
3633000000.000000,-0.033510430,0.033510430,0.044431305,1.005128448776,-3.371714315465,0.010920875
3634000000.000000,-0.022376386,0.022376386,0.044930935,1.005186267444,-3.388207676897,0.022554549
3635000000.000000,-0.031784420,0.031784420,0.045354250,1.005235257261,-3.404701038328,0.013569830
3636000000.000000,-0.018587187,0.018587187,0.045702093,1.005275514696,-3.421194399759,0.027114906
3637000000.000000,-0.034838360,0.034838360,0.045975347,1.005307140710,-3.437687761191,0.011136987
3638000000.000000,-0.020228560,0.020228560,0.046174929,1.005330240652,-3.454181122622,0.025946369
3639000000.000000,-0.043439221,0.043439221,0.046301791,1.005344924146,-3.470674484053,0.002862570
3640000000.000000,-0.021296192,0.021296192,0.046356920,1.005351304990,-3.487167845485,0.025060728
3641000000.000000,-0.038408400,0.038408400,0.046341334,1.005349501041,-3.503661206916,0.007932934
3642000000.000000,-0.042433800,0.042433800,0.046256087,1.005339634110,-3.520154568347,0.003822287
3643000000.000000,-0.034092578,0.034092578,0.046102261,1.005321829846,-3.536647929779,0.012009683
3644000000.000000,-0.046770251,0.046770251,0.045880971,1.005296217629,-3.553141291210,-0.000889280
3645000000.000000,-0.035976595,0.035976595,0.045593361,1.005262930451,-3.569634652641,0.009616766
3646000000.000000,-0.045555285,0.045555285,0.045240603,1.005222104809,-3.586128014073,-0.000314682
3647000000.000000,-0.042061043,0.042061043,0.044823899,1.005173880585,-3.602621375504,0.002762856
3648000000.000000,-0.048142798,0.048142798,0.044344476,1.005118400934,-3.619114736935,-0.003798322
3649000000.000000,-0.043497954,0.043497954,0.043803588,1.005055812167,-3.635608098367,0.000305634
3650000000.000000,-0.043430068,0.043430068,0.043202515,1.004986263635,-3.652101459798,-0.000227553
3651000000.000000,-0.042886336,0.042886336,0.042542561,1.004909907614,-3.668594821229,-0.000343775
3652000000.000000,-0.050608954,0.050608954,0.041825052,1.004826899184,-3.685088182661,-0.008783902
3653000000.000000,-0.040933848,0.040933848,0.041051338,1.004737396115,-3.701581544092,0.000117490
3654000000.000000,-0.039588801,0.039588801,0.040222791,1.004641558746,-3.718074905524,0.000633990
3655000000.000000,-0.042278851,0.042278851,0.039340802,1.004539549871,-3.734568266955,-0.002938049
3656000000.000000,-0.053669230,0.053669230,0.038406783,1.004431534617,-3.751061628386,-0.015262447
3657000000.000000,-0.050961939,0.050961939,0.037422164,1.004317680327,-3.767554989818,-0.013539775
3658000000.000000,-0.049862552,0.049862552,0.036388395,1.004198156441,-3.784048351249,-0.013474157
3659000000.000000,-0.039398253,0.039398253,0.035306939,1.004073134379,-3.800541712680,-0.004091314
3660000000.000000,-0.040274700,0.040274700,0.034179280,1.003942787419,-3.817035074112,-0.006095420
3661000000.000000,-0.039677771,0.039677771,0.033006912,1.003807290585,-3.833528435543,-0.006670859
3662000000.000000,-0.046295554,0.046295554,0.031791347,1.003666820521,-3.850021796974,-0.014504207
3663000000.000000,-0.041664457,0.041664457,0.030534109,1.003521555377,-3.866515158406,-0.011130348
3664000000.000000,-0.048119477,0.048119477,0.029236734,1.003371674693,-3.883008519837,-0.018882743
3665000000.000000,-0.048221468,0.048221468,0.027900768,1.003217359278,-3.899501881268,-0.020320700
3666000000.000000,-0.047394883,0.047394883,0.026527771,1.003058791094,-3.915995242700,-0.020867112
3667000000.000000,-0.041117864,0.041117864,0.025119309,1.002896153140,-3.932488604131,-0.015998555
3668000000.000000,-0.048661228,0.048661228,0.023676959,1.002729629336,-3.948981965562,-0.024984269
3669000000.000000,-0.046126594,0.046126594,0.022202304,1.002559404406,-3.965475326994,-0.023924290
3670000000.000000,-0.051278280,0.051278280,0.020696934,1.002385663764,-3.981968688425,-0.030581346
3671000000.000000,-0.028440357,0.028440357,0.019162445,1.002208593399,-3.998462049856,-0.009277912
3672000000.000000,-0.053259554,0.053259554,0.017600439,1.002028379761,-4.014955411288,-0.035659115
3673000000.000000,-0.042476636,0.042476636,0.016012519,1.001845209649,-4.031448772719,-0.026464117
3674000000.000000,-0.040852267,0.040852267,0.014400293,1.001659270098,-4.047942134150,-0.026451974
3675000000.000000,-0.045087714,0.045087714,0.012765372,1.001470748267,-4.064435495582,-0.032322342
3676000000.000000,-0.057837151,0.057837151,0.011109366,1.001279831330,-4.080928857013,-0.046727785
3677000000.000000,-0.035209577,0.035209577,0.009433887,1.001086706362,-4.097422218444,-0.025775690
3678000000.000000,-0.058379248,0.058379248,0.007740544,1.000891560237,-4.113915579876,-0.050638704
3679000000.000000,-0.024444577,0.024444577,0.006030947,1.000694579517,-4.130408941307,-0.018413630
3680000000.000000,-0.032083025,0.032083025,0.004306702,1.000495950341,-4.146902302739,-0.027776323
3681000000.000000,-0.034152866,0.034152866,0.002569413,1.000295858328,-4.163395664170,-0.031583453
3682000000.000000,-0.017319713,0.017319713,0.000820678,1.000094488464,-4.179889025601,-0.016499035
3683000000.000000,-0.022285292,0.022285292,-0.000937910,0.999892025007,-4.196382387033,-0.023223202
3684000000.000000,-0.015370653,0.015370653,-0.002704761,0.999688651376,-4.212875748464,-0.018075414
3685000000.000000,-0.018593836,0.018593836,-0.004478296,0.999484550058,-4.229369109895,-0.023072132
3686000000.000000,-0.020761720,0.020761720,-0.006256940,0.999279902504,-4.245862471327,-0.027018660
3687000000.000000,-0.018185715,0.018185715,-0.008039131,0.999074889033,-4.262355832758,-0.026224846
3688000000.000000,-0.024171229,0.024171229,-0.009823312,0.998869688732,-4.278849194189,-0.033994541
3689000000.000000,-0.031203939,0.031203939,-0.011607938,0.998664479365,-4.295342555621,-0.042811877
3690000000.000000,-0.007921226,0.007921226,-0.013391476,0.998459437276,-4.311835917052,-0.021312702
3691000000.000000,-0.010916936,0.010916936,-0.015172403,0.998254737296,-4.328329278483,-0.026089339
3692000000.000000,-0.023861921,0.023861921,-0.016949211,0.998050552654,-4.344822639915,-0.040811132
3693000000.000000,-0.018840317,0.018840317,-0.018720403,0.997847054889,-4.361316001346,-0.037560720
3694000000.000000,-0.018286789,0.018286789,-0.020484498,0.997644413755,-4.377809362777,-0.038771287
3695000000.000000,-0.010831849,0.010831849,-0.022240030,0.997442797144,-4.394302724209,-0.033071879
3696000000.000000,-0.029951688,0.029951688,-0.023985548,0.997242370994,-4.410796085640,-0.053937236
3697000000.000000,-0.007017663,0.007017663,-0.025719618,0.997043299209,-4.427289447071,-0.032737281
3698000000.000000,0.005503260,-0.005503260,-0.027440824,0.996845743578,-4.443782808503,-0.021937564
3699000000.000000,-0.000633850,0.000633850,-0.029147766,0.996649863695,-4.460276169934,-0.029781616
3700000000.000000,0.026999512,-0.026999512,-0.030839065,0.996455816879,-4.476769531365,-0.003839553
3701000000.000000,0.004868181,-0.004868181,-0.032513362,0.996263758102,-4.493262892797,-0.027645181
3702000000.000000,-0.004166428,0.004166428,-0.034169314,0.996073839911,-4.509756254228,-0.038335742
3703000000.000000,0.003968094,-0.003968094,-0.035805604,0.995886212356,-4.526249615659,-0.031837510
3704000000.000000,-0.013730408,0.013730408,-0.037420934,0.995701022922,-4.542742977091,-0.051151342
3705000000.000000,0.009423609,-0.009423609,-0.039014028,0.995518416457,-4.559236338522,-0.029590419
3706000000.000000,0.008768408,-0.008768408,-0.040583633,0.995338535105,-4.575729699954,-0.031815225
3707000000.000000,0.011479750,-0.011479750,-0.042128520,0.995161518244,-4.592223061385,-0.030648770
3708000000.000000,0.027150084,-0.027150084,-0.043647484,0.994987502421,-4.608716422816,-0.016497400
3709000000.000000,0.028161005,-0.028161005,-0.045139344,0.994816621288,-4.625209784248,-0.016978339
3710000000.000000,0.023888307,-0.023888307,-0.046602945,0.994649005547,-4.641703145679,-0.022714638
3711000000.000000,0.023039578,-0.023039578,-0.048037157,0.994484782893,-4.658196507110,-0.024997579
3712000000.000000,0.014249873,-0.014249873,-0.049440877,0.994324077952,-4.674689868542,-0.035191004
3713000000.000000,0.039788295,-0.039788295,-0.050813028,0.994167012235,-4.691183229973,-0.011024733
3714000000.000000,0.028433795,-0.028433795,-0.052152562,0.994013704083,-4.707676591404,-0.023718767
3715000000.000000,0.035702341,-0.035702341,-0.053458457,0.993864268620,-4.724169952836,-0.017756116
3716000000.000000,0.059897406,-0.059897406,-0.054729720,0.993718817699,-4.740663314267,0.005167686
3717000000.000000,0.034736346,-0.034736346,-0.055965388,0.993577459868,-4.757156675698,-0.021229042
3718000000.000000,0.038759242,-0.038759242,-0.057164524,0.993440300314,-4.773650037130,-0.018405282
3719000000.000000,0.030412389,-0.030412389,-0.058326225,0.993307440832,-4.790143398561,-0.027913836
3720000000.000000,0.034254842,-0.034254842,-0.059449614,0.993178979780,-4.806636759992,-0.025194772
3721000000.000000,0.025981228,-0.025981228,-0.060533847,0.993055012044,-4.823130121424,-0.034552619
3722000000.000000,0.032563127,-0.032563127,-0.061578109,0.992935629001,-4.839623482855,-0.029014982
3723000000.000000,0.034340778,-0.034340778,-0.062581619,0.992820918490,-4.856116844286,-0.028240841
3724000000.000000,0.065677556,-0.065677556,-0.063543624,0.992710964776,-4.872610205718,0.002133932
3725000000.000000,0.065208443,-0.065208443,-0.064463405,0.992605848522,-4.889103567149,0.000745038
3726000000.000000,0.054573661,-0.054573661,-0.065340274,0.992505646768,-4.905596928580,-0.010766613
3727000000.000000,0.049569851,-0.049569851,-0.066173576,0.992410432898,-4.922090290012,-0.016603725
3728000000.000000,0.059828004,-0.059828004,-0.066962688,0.992320276621,-4.938583651443,-0.007134684
3729000000.000000,0.051578602,-0.051578602,-0.067707020,0.992235243952,-4.955077012874,-0.016128418
3730000000.000000,0.054599172,-0.054599172,-0.068406015,0.992155397191,-4.971570374306,-0.013806843
3731000000.000000,0.051548139,-0.051548139,-0.069059151,0.992080794906,-4.988063735737,-0.017511012
3732000000.000000,0.075509809,-0.075509809,-0.069665935,0.992011491922,-5.004557097169,0.005843874
3733000000.000000,0.061786816,-0.061786816,-0.070225912,0.991947539303,-5.021050458600,-0.008439096
3734000000.000000,0.073405393,-0.073405393,-0.070738657,0.991888984348,-5.037543820031,0.002666736
3735000000.000000,0.080585655,-0.080585655,-0.071203783,0.991835870576,-5.054037181463,0.009381872
3736000000.000000,0.069557040,-0.069557040,-0.071620932,0.991788237726,-5.070530542894,-0.002063892
3737000000.000000,0.070448279,-0.070448279,-0.071989783,0.991746121747,-5.087023904325,-0.001541504
3738000000.000000,0.071961557,-0.071961557,-0.072310049,0.991709554801,-5.103517265757,-0.000348492
3739000000.000000,0.070522243,-0.070522243,-0.072581475,0.991678565259,-5.120010627188,-0.002059232
3740000000.000000,0.068384073,-0.068384073,-0.072803842,0.991653177701,-5.136503988619,-0.004419769
3741000000.000000,0.076291663,-0.076291663,-0.072976964,0.991633412926,-5.152997350051,0.003314699
3742000000.000000,0.089634278,-0.089634278,-0.073100688,0.991619287951,-5.169490711482,0.016533590
3743000000.000000,0.082904753,-0.082904753,-0.073174896,0.991610816023,-5.185984072913,0.009729857
3744000000.000000,0.089525033,-0.089525033,-0.073199505,0.991608006626,-5.202477434345,0.016325528
3745000000.000000,0.081517649,-0.081517649,-0.073174463,0.991610865493,-5.218970795776,0.008343186
3746000000.000000,0.090864997,-0.090864997,-0.073099753,0.991619394619,-5.235464157207,0.017765244
3747000000.000000,0.107748437,-0.107748437,-0.072975393,0.991633592277,-5.251957518639,0.034773044
3748000000.000000,0.083425303,-0.083425303,-0.072801431,0.991653453033,-5.268450880070,0.010623872
3749000000.000000,0.089544284,-0.089544284,-0.072577950,0.991678967768,-5.284944241501,0.016966334
3750000000.000000,0.101429774,-0.101429774,-0.072305067,0.991710123695,-5.301437602933,0.029124707
3751000000.000000,0.096000235,-0.096000235,-0.071982929,0.991746904386,-5.317930964364,0.024017306
3752000000.000000,0.086628486,-0.086628486,-0.071611718,0.991789289789,-5.334424325795,0.015016768
3753000000.000000,0.084072557,-0.084072557,-0.071191648,0.991837256261,-5.350917687227,0.012880909
3754000000.000000,0.082956480,-0.082956480,-0.070722963,0.991890776595,-5.367411048658,0.012233517
3755000000.000000,0.081277200,-0.081277200,-0.070205941,0.991949820044,-5.383904410090,0.011071259
3756000000.000000,0.088838954,-0.088838954,-0.069640889,0.992014352357,-5.400397771521,0.019198065
3757000000.000000,0.098389143,-0.098389143,-0.069028149,0.992084335811,-5.416891132952,0.029360994
3758000000.000000,0.084993691,-0.084993691,-0.068368090,0.992159729245,-5.433384494384,0.016625601
3759000000.000000,0.094321909,-0.094321909,-0.067661113,0.992240488093,-5.449877855815,0.026660796
3760000000.000000,0.097307947,-0.097307947,-0.066907650,0.992326564429,-5.466371217246,0.030400297
3761000000.000000,0.103530069,-0.103530069,-0.066108160,0.992417906999,-5.482864578678,0.037421909
3762000000.000000,0.080858409,-0.080858409,-0.065263134,0.992514461264,-5.499357940109,0.015595275
3763000000.000000,0.089091291,-0.089091291,-0.064373091,0.992616169443,-5.515851301540,0.024718200
3764000000.000000,0.095362138,-0.095362138,-0.063438578,0.992722970559,-5.532344662972,0.031923560
3765000000.000000,0.066592917,-0.066592917,-0.062460170,0.992834800478,-5.548838024403,0.004132747
3766000000.000000,0.095965024,-0.095965024,-0.061438471,0.992951591961,-5.565331385834,0.034526553
3767000000.000000,0.092239139,-0.092239139,-0.060374111,0.993073274710,-5.581824747266,0.031865028
3768000000.000000,0.098038092,-0.098038092,-0.059267746,0.993199775417,-5.598318108697,0.038770346
3769000000.000000,0.100374618,-0.100374618,-0.058120060,0.993331017815,-5.614811470128,0.042254558
3770000000.000000,0.092355783,-0.092355783,-0.056931761,0.993466922732,-5.631304831560,0.035424022
3771000000.000000,0.096606951,-0.096606951,-0.055703583,0.993607408140,-5.647798192991,0.040903368
3772000000.000000,0.088285043,-0.088285043,-0.054436284,0.993752389213,-5.664291554422,0.033848759
3773000000.000000,0.084824754,-0.084824754,-0.053130646,0.993901778382,-5.680784915854,0.031694108
3774000000.000000,0.091519581,-0.091519581,-0.051787477,0.994055485391,-5.697278277285,0.039732104
3775000000.000000,0.078461033,-0.078461033,-0.050407603,0.994213417356,-5.713771638716,0.028053430
3776000000.000000,0.075792040,-0.075792040,-0.048991878,0.994375478823,-5.730265000148,0.026800162
3777000000.000000,0.093798740,-0.093798740,-0.047541173,0.994541571830,-5.746758361579,0.046257567
3778000000.000000,0.077730543,-0.077730543,-0.046056384,0.994711595966,-5.763251723010,0.031674159
3779000000.000000,0.079598131,-0.079598131,-0.044538425,0.994885448435,-5.779745084442,0.035059706
3780000000.000000,0.084666803,-0.084666803,-0.042988231,0.995063024118,-5.796238445873,0.041678572
3781000000.000000,0.054031845,-0.054031845,-0.041406757,0.995244215639,-5.812731807305,0.012625088
3782000000.000000,0.063341356,-0.063341356,-0.039794976,0.995428913428,-5.829225168736,0.023546380
3783000000.000000,0.088371918,-0.088371918,-0.038153879,0.995617005787,-5.845718530167,0.050218039
3784000000.000000,0.067889422,-0.067889422,-0.036484476,0.995808378960,-5.862211891599,0.031404946
3785000000.000000,0.062992365,-0.062992365,-0.034787791,0.996002917195,-5.878705253030,0.028204574
3786000000.000000,0.065769774,-0.065769774,-0.033064868,0.996200502817,-5.895198614461,0.032704906
3787000000.000000,0.062963477,-0.062963477,-0.031316763,0.996401016297,-5.911691975893,0.031646714
3788000000.000000,0.048050878,-0.048050878,-0.029544550,0.996604336317,-5.928185337324,0.018506328
3789000000.000000,0.070982448,-0.070982448,-0.027749315,0.996810339846,-5.944678698755,0.043233133
3790000000.000000,0.074932148,-0.074932148,-0.025932159,0.997018902207,-5.961172060187,0.048999989
3791000000.000000,0.054496813,-0.054496813,-0.024094195,0.997229897152,-5.977665421618,0.030402618
3792000000.000000,0.070185921,-0.070185921,-0.022236549,0.997443196931,-5.994158783049,0.047949372
3793000000.000000,0.056925040,-0.056925040,-0.020360358,0.997658672365,-6.010652144481,0.036564682
3794000000.000000,0.045725770,-0.045725770,-0.018466771,0.997876192922,-6.027145505912,0.027258999
3795000000.000000,0.049255797,-0.049255797,-0.016556946,0.998095626788,-6.043638867343,0.032698851
3796000000.000000,0.032492125,-0.032492125,-0.014632051,0.998316840941,-6.060132228775,0.017860074
3797000000.000000,0.036642830,-0.036642830,-0.012693264,0.998539701225,-6.076625590206,0.023949566
3798000000.000000,0.040996702,-0.040996702,-0.010741770,0.998764072428,-6.093118951637,0.030254932
3799000000.000000,0.030080381,-0.030080381,-0.008778761,0.998989818350,-6.109612313069,0.021301620
3800000000.000000,0.044700400,-0.044700400,-0.006805438,0.999216801887,-6.126105674500,0.037894962
3801000000.000000,0.038259081,-0.038259081,-0.004823006,0.999444885098,-6.142599035931,0.033436075
3802000000.000000,0.029544143,-0.029544143,-0.002832676,0.999673929286,-6.159092397363,0.026711467
3803000000.000000,0.032014454,-0.032014454,-0.000835666,0.999903795072,-6.175585758794,0.031178788
3804000000.000000,0.020884931,-0.020884931,0.001166805,1.000134342470,-6.192079120225,0.022051736
3805000000.000000,0.021439828,-0.021439828,0.003173513,1.000365430965,-6.208572481657,0.024613341
3806000000.000000,0.028189197,-0.028189197,0.005183231,1.000596919584,-6.225065843088,0.033372428
3807000000.000000,0.018312302,-0.018312302,0.007194729,1.000828666979,-6.241559204520,0.025507031
3808000000.000000,0.005951024,-0.005951024,0.009206778,1.001060531497,-6.258052565951,0.015157802
3809000000.000000,0.010745458,-0.010745458,0.011218147,1.001292371257,-6.274545927382,0.021963605
3810000000.000000,0.018940764,-0.018940764,0.013227603,1.001524044228,-6.291039288814,0.032168367
3811000000.000000,0.001201535,-0.001201535,0.015233916,1.001755408303,-6.307532650245,0.016435451
3812000000.000000,0.010113216,-0.010113216,0.017235856,1.001986321372,-6.324026011676,0.027349072
3813000000.000000,-0.003699316,0.003699316,0.019232195,1.002216641402,-6.340519373108,0.015532879
3814000000.000000,-0.014144470,0.014144470,0.021221707,1.002446226506,-6.357012734539,0.007077237
3815000000.000000,0.000332282,-0.000332282,0.023203171,1.002674935023,-6.373506095970,0.023535453
3816000000.000000,0.004832306,-0.004832306,0.025175366,1.002902625589,-6.389999457402,0.030007672
3817000000.000000,-0.002828954,0.002828954,0.027137078,1.003129157210,-6.406492818833,0.024308124
3818000000.000000,-0.025259107,0.025259107,0.029087098,1.003354389340,-6.422986180264,0.003827991
3819000000.000000,-0.027857104,0.027857104,0.031024221,1.003578181947,-6.439479541696,0.003167117
3820000000.000000,-0.025097667,0.025097667,0.032947250,1.003800395595,-6.455972903127,0.007849583
3821000000.000000,-0.029067326,0.029067326,0.034854993,1.004020891505,-6.472466264558,0.005787667
3822000000.000000,-0.021422274,0.021422274,0.036746265,1.004239531637,-6.488959625990,0.015323991
3823000000.000000,-0.015726794,0.015726794,0.038619892,1.004456178754,-6.505452987421,0.022893098
3824000000.000000,-0.040350602,0.040350602,0.040474705,1.004670696496,-6.521946348852,0.000124103
3825000000.000000,-0.038758942,0.038758942,0.042309546,1.004882949446,-6.538439710284,0.003550604
3826000000.000000,-0.041319433,0.041319433,0.044123266,1.005092803205,-6.554933071715,0.002803833
3827000000.000000,-0.041827406,0.041827406,0.045914726,1.005300124455,-6.571426433146,0.004087320
3828000000.000000,-0.064619393,0.064619393,0.047682799,1.005504781031,-6.587919794578,-0.016936594
3829000000.000000,-0.051425176,0.051425176,0.049426367,1.005706641986,-6.604413156009,-0.001998809
3830000000.000000,-0.052866989,0.052866989,0.051144326,1.005905577655,-6.620906517440,-0.001722663
3831000000.000000,-0.067665355,0.067665355,0.052835582,1.006101459725,-6.637399878872,-0.014829773
3832000000.000000,-0.065218521,0.065218521,0.054499057,1.006294161299,-6.653893240303,-0.010719464
3833000000.000000,-0.072314244,0.072314244,0.056133683,1.006483556956,-6.670386601735,-0.016180561
3834000000.000000,-0.045932110,0.045932110,0.057738409,1.006669522818,-6.686879963166,0.011806299
3835000000.000000,-0.057646155,0.057646155,0.059312195,1.006851936610,-6.703373324597,0.001666040
3836000000.000000,-0.065017239,0.065017239,0.060854018,1.007030677723,-6.719866686029,-0.004163221
3837000000.000000,-0.085123599,0.085123599,0.062362870,1.007205627270,-6.736360047460,-0.022760729
3838000000.000000,-0.071118746,0.071118746,0.063837759,1.007376668152,-6.752853408891,-0.007280987
3839000000.000000,-0.090907227,0.090907227,0.065277707,1.007543685109,-6.769346770323,-0.025629520
3840000000.000000,-0.069514050,0.069514050,0.066681756,1.007706564784,-6.785840131754,-0.002832294
3841000000.000000,-0.078318458,0.078318458,0.068048963,1.007865195774,-6.802333493185,-0.010269495
3842000000.000000,-0.075733798,0.075733798,0.069378401,1.008019468685,-6.818826854617,-0.006355397
3843000000.000000,-0.083694343,0.083694343,0.070669165,1.008169276192,-6.835320216048,-0.013025178
3844000000.000000,-0.077230926,0.077230926,0.071920364,1.008314513083,-6.851813577479,-0.005310562
3845000000.000000,-0.101678608,0.101678608,0.073131129,1.008455076321,-6.868306938911,-0.028547479
3846000000.000000,-0.075655724,0.075655724,0.074300608,1.008590865083,-6.884800300342,-0.001355116
3847000000.000000,-0.093112358,0.093112358,0.075427969,1.008721780820,-6.901293661773,-0.017684389
3848000000.000000,-0.098457851,0.098457851,0.076512399,1.008847727299,-6.917787023205,-0.021945452
3849000000.000000,-0.101435976,0.101435976,0.077553108,1.008968610650,-6.934280384636,-0.023882868
3850000000.000000,-0.095927508,0.095927508,0.078549323,1.009084339417,-6.950773746067,-0.017378185
3851000000.000000,-0.101845606,0.101845606,0.079500294,1.009194824596,-6.967267107499,-0.022345312
3852000000.000000,-0.107767951,0.107767951,0.080405290,1.009299979681,-6.983760468930,-0.027362661
3853000000.000000,-0.112455547,0.112455547,0.081263605,1.009399720709,-7.000253830361,-0.031191942
3854000000.000000,-0.125724703,0.125724703,0.082074551,1.009493966294,-7.016747191793,-0.043650152
3855000000.000000,-0.088466393,0.088466393,0.082837463,1.009582637673,-7.033240553224,-0.005628930
3856000000.000000,-0.108680476,0.108680476,0.083551701,1.009665658739,-7.049733914655,-0.025128775
3857000000.000000,-0.117874824,0.117874824,0.084216645,1.009742956081,-7.066227276087,-0.033658179
3858000000.000000,-0.104205593,0.104205593,0.084831697,1.009814459018,-7.082720637518,-0.019373896
3859000000.000000,-0.105787593,0.105787593,0.085396284,1.009880099633,-7.099213998950,-0.020391309
3860000000.000000,-0.129150485,0.129150485,0.085909857,1.009939812805,-7.115707360381,-0.043240628
3861000000.000000,-0.119972572,0.119972572,0.086371888,1.009993536241,-7.132200721812,-0.033600684
3862000000.000000,-0.108594667,0.108594667,0.086781874,1.010041210505,-7.148694083244,-0.021812793
3863000000.000000,-0.103710394,0.103710394,0.087139337,1.010082779049,-7.165187444675,-0.016571057
3864000000.000000,-0.113587019,0.113587019,0.087443822,1.010118188236,-7.181680806106,-0.026143197
3865000000.000000,-0.111093742,0.111093742,0.087694898,1.010147387367,-7.198174167538,-0.023398844
3866000000.000000,-0.108270939,0.108270939,0.087892160,1.010170328707,-7.214667528969,-0.020378779
3867000000.000000,-0.112601809,0.112601809,0.088035227,1.010186967505,-7.231160890400,-0.024566582
3868000000.000000,-0.117630726,0.117630726,0.088123742,1.010197262017,-7.247654251832,-0.029506984
3869000000.000000,-0.106435404,0.106435404,0.088157374,1.010201173523,-7.264147613263,-0.018278030
3870000000.000000,-0.113168584,0.113168584,0.088135817,1.010198666351,-7.280640974694,-0.025032767
3871000000.000000,-0.102442446,0.102442446,0.088058790,1.010189707887,-7.297134336126,-0.014383656
3872000000.000000,-0.115752516,0.115752516,0.087926037,1.010174268594,-7.313627697557,-0.027826479
3873000000.000000,-0.123861338,0.123861338,0.087737330,1.010152322025,-7.330121058988,-0.036124008
3874000000.000000,-0.108405138,0.108405138,0.087492462,1.010123844838,-7.346614420420,-0.020912676
3875000000.000000,-0.129183635,0.129183635,0.087191257,1.010088816802,-7.363107781851,-0.041992378
3876000000.000000,-0.125920101,0.125920101,0.086833560,1.010047220809,-7.379601143282,-0.039086541
3877000000.000000,-0.107881669,0.107881669,0.086419245,1.009999042883,-7.396094504714,-0.021462424
3878000000.000000,-0.101692675,0.101692675,0.085948209,1.009944272186,-7.412587866145,-0.015744466
3879000000.000000,-0.105017041,0.105017041,0.085420379,1.009882901022,-7.429081227576,-0.019596662
3880000000.000000,-0.107621131,0.107621131,0.084835704,1.009814924838,-7.445574589008,-0.022785427
3881000000.000000,-0.117333095,0.117333095,0.084194160,1.009740342234,-7.462067950439,-0.033138935
3882000000.000000,-0.102020624,0.102020624,0.083495751,1.009659154955,-7.478561311871,-0.018524873
3883000000.000000,-0.114635702,0.114635702,0.082740504,1.009571367895,-7.495054673302,-0.031895198
3884000000.000000,-0.123454550,0.123454550,0.081928474,1.009476989092,-7.511548034733,-0.041526076
3885000000.000000,-0.117753855,0.117753855,0.081059741,1.009376029729,-7.528041396165,-0.036694114
3886000000.000000,-0.120982614,0.120982614,0.080134412,1.009268504120,-7.544534757596,-0.040848202
3887000000.000000,-0.125217865,0.125217865,0.079152618,1.009154429713,-7.561028119027,-0.046065247
3888000000.000000,-0.104989962,0.104989962,0.078114517,1.009033827076,-7.577521480459,-0.026875445
3889000000.000000,-0.087772308,0.087772308,0.077020294,1.008906719887,-7.594014841890,-0.010752014
3890000000.000000,-0.107306882,0.107306882,0.075870157,1.008773134927,-7.610508203321,-0.031436725
3891000000.000000,-0.094120643,0.094120643,0.074664341,1.008633102064,-7.627001564753,-0.019456302
3892000000.000000,-0.113513343,0.113513343,0.073403107,1.008486654242,-7.643494926184,-0.040110236
3893000000.000000,-0.090673223,0.090673223,0.072086742,1.008333827463,-7.659988287615,-0.018586481
3894000000.000000,-0.094449037,0.094449037,0.070715556,1.008174660771,-7.676481649047,-0.023733481
3895000000.000000,-0.105812275,0.105812275,0.069289885,1.008009196236,-7.692975010478,-0.036522390
3896000000.000000,-0.094243388,0.094243388,0.067810093,1.007837478932,-7.709468371909,-0.026433295
3897000000.000000,-0.083835779,0.083835779,0.066276564,1.007659556919,-7.725961733341,-0.017559215
3898000000.000000,-0.093175684,0.093175684,0.064689712,1.007475481219,-7.742455094772,-0.028485972
3899000000.000000,-0.098736339,0.098736339,0.063049971,1.007285305791,-7.758948456203,-0.035686368
3900000000.000000,-0.095688560,0.095688560,0.061357802,1.007089087511,-7.775441817635,-0.034330758
3901000000.000000,-0.098419331,0.098419331,0.059613691,1.006886886141,-7.791935179066,-0.038805640
3902000000.000000,-0.069210078,0.069210078,0.057818147,1.006678764307,-7.808428540497,-0.011391931
3903000000.000000,-0.068534518,0.068534518,0.055971702,1.006464787464,-7.824921901929,-0.012562816
3904000000.000000,-0.096665158,0.096665158,0.054074914,1.006245023872,-7.841415263360,-0.042590244
3905000000.000000,-0.059138829,0.059138829,0.052128362,1.006019544560,-7.857908624791,-0.007010467
3906000000.000000,-0.065441487,0.065441487,0.050132651,1.005788423300,-7.874401986223,-0.015308836
3907000000.000000,-0.066695865,0.066695865,0.048088407,1.005551736567,-7.890895347654,-0.018607458
3908000000.000000,-0.060138220,0.060138220,0.045996280,1.005309563506,-7.907388709086,-0.014141940
3909000000.000000,-0.049564418,0.049564418,0.043856943,1.005061985900,-7.923882070517,-0.005707475
3910000000.000000,-0.060037029,0.060037029,0.041671089,1.004809088129,-7.940375431948,-0.018365940
3911000000.000000,-0.064350416,0.064350416,0.039439436,1.004550957133,-7.956868793380,-0.024910980
3912000000.000000,-0.069540411,0.069540411,0.037162722,1.004287682372,-7.973362154811,-0.032377689
3913000000.000000,-0.050455953,0.050455953,0.034841707,1.004019355787,-7.989855516242,-0.015614246
3914000000.000000,-0.056200187,0.056200187,0.032477173,1.003746071759,-8.006348877674,-0.023723014
3915000000.000000,-0.060457414,0.060457414,0.030069922,1.003467927065,-8.022842239105,-0.030387492
3916000000.000000,-0.024176637,0.024176637,0.027620776,1.003185020834,-8.039335600536,0.003444139
3917000000.000000,-0.020355429,0.020355429,0.025130580,1.002897454506,-8.055828961968,0.004775151
3918000000.000000,-0.031645128,0.031645128,0.022600197,1.002605331781,-8.072322323399,-0.009044931
3919000000.000000,-0.016465828,0.016465828,0.020030508,1.002308758578,-8.088815684830,0.003564680
3920000000.000000,-0.029145008,0.029145008,0.017422418,1.002007842984,-8.105309046262,-0.011722590
3921000000.000000,-0.009190294,0.009190294,0.014776846,1.001702695209,-8.121802407693,0.005586552
3922000000.000000,-0.022898052,0.022898052,0.012094733,1.001393427533,-8.138295769124,-0.010803319
3923000000.000000,-0.026017995,0.026017995,0.009377037,1.001080154258,-8.154789130556,-0.016640958
3924000000.000000,-0.006650871,0.006650871,0.006624734,1.000762991657,-8.171282491987,-0.000026137
3925000000.000000,-0.017884764,0.017884764,0.003838818,1.000442057923,-8.187775853418,-0.014045946
3926000000.000000,-0.009732009,0.009732009,0.001020299,1.000117473114,-8.204269214850,-0.008711710
3927000000.000000,0.012645414,-0.012645414,-0.001829796,0.999789359103,-8.220762576281,0.010815618
3928000000.000000,-0.006194812,0.006194812,-0.004710423,0.999457839521,-8.237255937712,-0.010905235
3929000000.000000,-0.002880175,0.002880175,-0.007620522,0.999123039704,-8.253749299144,-0.010500697
3930000000.000000,0.015674443,-0.015674443,-0.010559019,0.998785086638,-8.270242660575,0.005115424
3931000000.000000,0.013521900,-0.013521900,-0.013524823,0.998444108901,-8.286736022006,-0.000002923
3932000000.000000,0.004747577,-0.004747577,-0.016516829,0.998100236607,-8.303229383438,-0.011769252
3933000000.000000,0.030643090,-0.030643090,-0.019533919,0.997753601350,-8.319722744869,0.011109171
3934000000.000000,0.007556674,-0.007556674,-0.022574961,0.997404336145,-8.336216106301,-0.015018287
3935000000.000000,0.014494045,-0.014494045,-0.025638808,0.997052575367,-8.352709467732,-0.011144763
3936000000.000000,0.038067972,-0.038067972,-0.028724302,0.996698454697,-8.369202829163,0.009343670
3937000000.000000,0.037288728,-0.037288728,-0.031830271,0.996342111060,-8.385696190595,0.005458457
3938000000.000000,0.019574369,-0.019574369,-0.034955533,0.995983682563,-8.402189552026,-0.015381164
3939000000.000000,0.038705556,-0.038705556,-0.038098894,0.995623308437,-8.418682913457,0.000606662
3940000000.000000,0.063111797,-0.063111797,-0.041259149,0.995261128977,-8.435176274889,0.021852648
3941000000.000000,0.062384977,-0.062384977,-0.044435082,0.994897285477,-8.451669636320,0.017949895
3942000000.000000,0.038562928,-0.038562928,-0.047625467,0.994531920172,-8.468162997751,-0.009062539
3943000000.000000,0.054116507,-0.054116507,-0.050829070,0.994165176173,-8.484656359183,0.003287437
3944000000.000000,0.055077172,-0.055077172,-0.054044647,0.993797197408,-8.501149720614,0.001032525
3945000000.000000,0.058895465,-0.058895465,-0.057270946,0.993428128556,-8.517643082045,0.001624519
3946000000.000000,0.067335273,-0.067335273,-0.060506706,0.993058114988,-8.534136443477,0.006828567
3947000000.000000,0.087288055,-0.087288055,-0.063750661,0.992687302699,-8.550629804908,0.023537394
3948000000.000000,0.085102400,-0.085102400,-0.067001537,0.992315838249,-8.567123166339,0.018100863
3949000000.000000,0.083855490,-0.083855490,-0.070258053,0.991943868699,-8.583616527771,0.013597437
3950000000.000000,0.084316386,-0.084316386,-0.073518923,0.991571541544,-8.600109889202,0.010797463
3951000000.000000,0.094520075,-0.094520075,-0.076782855,0.991199004654,-8.616603250633,0.017737220
3952000000.000000,0.102666025,-0.102666025,-0.080048554,0.990826406207,-8.633096612065,0.022617471
3953000000.000000,0.084725032,-0.084725032,-0.083314719,0.990453894626,-8.649589973496,0.001410313
3954000000.000000,0.087269435,-0.087269435,-0.086580047,0.990081618517,-8.666083334927,0.000689388
3955000000.000000,0.125138385,-0.125138385,-0.089843232,0.989709726601,-8.682576696359,0.035295153
3956000000.000000,0.107639791,-0.107639791,-0.093102963,0.989338367655,-8.699070057790,0.014536828
3957000000.000000,0.095410847,-0.095410847,-0.096357931,0.988967690446,-8.715563419221,-0.000947084
3958000000.000000,0.120982156,-0.120982156,-0.099606823,0.988597843665,-8.732056780653,0.021375333
3959000000.000000,0.126590182,-0.126590182,-0.102848326,0.988228975869,-8.748550142084,0.023741856
3960000000.000000,0.123467103,-0.123467103,-0.106081127,0.987861235412,-8.765043503516,0.017385976
3961000000.000000,0.140847108,-0.140847108,-0.109303913,0.987494770385,-8.781536864947,0.031543195
3962000000.000000,0.132067958,-0.132067958,-0.112515372,0.987129728553,-8.798030226378,0.019552586
3963000000.000000,0.123228540,-0.123228540,-0.115714195,0.986766257291,-8.814523587810,0.007514345
3964000000.000000,0.155900962,-0.155900962,-0.118899072,0.986404503520,-8.831016949241,0.037001890
3965000000.000000,0.138834676,-0.138834676,-0.122068699,0.986044613649,-8.847510310672,0.016765977
3966000000.000000,0.139440169,-0.139440169,-0.125221773,0.985686733510,-8.864003672104,0.014218396
3967000000.000000,0.156122159,-0.156122159,-0.128356996,0.985331008297,-8.880497033535,0.027765163
3968000000.000000,0.145361666,-0.145361666,-0.131473073,0.984977582504,-8.896990394966,0.013888593
3969000000.000000,0.164572116,-0.164572116,-0.134568717,0.984626599866,-8.913483756398,0.030003399
3970000000.000000,0.158621100,-0.158621100,-0.137642644,0.984278203296,-8.929977117829,0.020978456
3971000000.000000,0.176257935,-0.176257935,-0.140693575,0.983932534828,-8.946470479260,0.035564360
3972000000.000000,0.187240150,-0.187240150,-0.143720242,0.983589735554,-8.962963840692,0.043519908
3973000000.000000,0.159958440,-0.159958440,-0.146721379,0.983249945570,-8.979457202123,0.013237061
3974000000.000000,0.168207141,-0.168207141,-0.149695733,0.982913303910,-8.995950563554,0.018511408
3975000000.000000,0.170980553,-0.170980553,-0.152642055,0.982579948497,-9.012443924986,0.018338498
3976000000.000000,0.183961625,-0.183961625,-0.155559108,0.982250016076,-9.028937286417,0.028402517
3977000000.000000,0.175222018,-0.175222018,-0.158445663,0.981923642165,-9.045430647848,0.016776355
3978000000.000000,0.194189099,-0.194189099,-0.161300502,0.981600960996,-9.061924009280,0.032888597
3979000000.000000,0.183854505,-0.183854505,-0.164122417,0.981282105457,-9.078417370711,0.019732088
3980000000.000000,0.211336378,-0.211336378,-0.166910210,0.980967207041,-9.094910732142,0.044426168
3981000000.000000,0.187453457,-0.187453457,-0.169662698,0.980656395789,-9.111404093574,0.017790759
3982000000.000000,0.196181374,-0.196181374,-0.172378706,0.980349800239,-9.127897455005,0.023802668
3983000000.000000,0.197300921,-0.197300921,-0.175057077,0.980047547369,-9.144390816436,0.022243844
3984000000.000000,0.210268376,-0.210268376,-0.177696662,0.979749762551,-9.160884177868,0.032571714
3985000000.000000,0.210941007,-0.210941007,-0.180296330,0.979456569493,-9.177377539299,0.030644677
3986000000.000000,0.214907801,-0.214907801,-0.182854961,0.979168090194,-9.193870900731,0.032052840
3987000000.000000,0.194518979,-0.194518979,-0.185371453,0.978884444891,-9.210364262162,0.009147526
3988000000.000000,0.218414012,-0.218414012,-0.187844718,0.978605752011,-9.226857623593,0.030569294
3989000000.000000,0.210862608,-0.210862608,-0.190273683,0.978332128125,-9.243350985025,0.020588925
3990000000.000000,0.212206799,-0.212206799,-0.192657293,0.978063687898,-9.259844346456,0.019549506
3991000000.000000,0.226523486,-0.226523486,-0.194994509,0.977800544044,-9.276337707887,0.031528977
3992000000.000000,0.204692099,-0.204692099,-0.197284309,0.977542807281,-9.292831069319,0.007407790
3993000000.000000,0.209242463,-0.209242463,-0.199525691,0.977290586285,-9.309324430750,0.009716772
3994000000.000000,0.237517358,-0.237517358,-0.201717668,0.977043987649,-9.325817792181,0.035799690
3995000000.000000,0.221634333,-0.221634333,-0.203859275,0.976803115841,-9.342311153613,0.017775058
3996000000.000000,0.237445368,-0.237445368,-0.205949563,0.976568073157,-9.358804515044,0.031495805
3997000000.000000,0.236745149,-0.236745149,-0.207987606,0.976338959689,-9.375297876475,0.028757543
3998000000.000000,0.235062280,-0.235062280,-0.209972496,0.976115873277,-9.391791237907,0.025089784
3999000000.000000,0.242352526,-0.242352526,-0.211903346,0.975898909476,-9.408284599338,0.030449180
4000000000.000000,0.238212443,-0.238212443,-0.213779290,0.975688161519,-9.424777960769,0.024433153
4001000000.000000,0.236114159,-0.236114159,-0.215599482,0.975483720276,-9.441271322201,0.020514677
4002000000.000000,0.256795832,-0.256795832,-0.217363100,0.975285674223,-9.457764683632,0.039432732
4003000000.000000,0.263871389,-0.263871389,-0.219069343,0.975094109407,-9.474258045063,0.044802046
4004000000.000000,0.256991149,-0.256991149,-0.220717432,0.974909109411,-9.490751406495,0.036273717
4005000000.000000,0.231603134,-0.231603134,-0.222306612,0.974730755324,-9.507244767926,0.009296522
4006000000.000000,0.256725841,-0.256725841,-0.223836149,0.974559125711,-9.523738129357,0.032889692
4007000000.000000,0.235531938,-0.235531938,-0.225305335,0.974394296578,-9.540231490789,0.010226603
4008000000.000000,0.259056407,-0.259056407,-0.226713485,0.974236341353,-9.556724852220,0.032342922
4009000000.000000,0.250257404,-0.250257404,-0.228059936,0.974085330849,-9.573218213651,0.022197468
4010000000.000000,0.245943526,-0.245943526,-0.229344054,0.973941333242,-9.589711575083,0.016599472
4011000000.000000,0.255035126,-0.255035126,-0.230565224,0.973804414047,-9.606204936514,0.024469902
4012000000.000000,0.248535209,-0.248535209,-0.231722862,0.973674636094,-9.622698297946,0.016812347
4013000000.000000,0.247168742,-0.247168742,-0.232816403,0.973552059501,-9.639191659377,0.014352339
4014000000.000000,0.256427790,-0.256427790,-0.233845313,0.973436741660,-9.655685020808,0.022582477
4015000000.000000,0.268632021,-0.268632021,-0.234809081,0.973328737209,-9.672178382240,0.033822940
4016000000.000000,0.241078421,-0.241078421,-0.235707221,0.973228098018,-9.688671743671,0.005371200
4017000000.000000,0.262067963,-0.262067963,-0.236539277,0.973134873170,-9.705165105102,0.025528686
4018000000.000000,0.276267164,-0.276267164,-0.237304814,0.973049108945,-9.721658466534,0.038962350
4019000000.000000,0.254165101,-0.254165101,-0.238003429,0.972970848802,-9.738151827965,0.016161672
4020000000.000000,0.246992807,-0.246992807,-0.238634741,0.972900133369,-9.754645189396,0.008358066
4021000000.000000,0.251412247,-0.251412247,-0.239198400,0.972837000426,-9.771138550828,0.012213847
4022000000.000000,0.248037230,-0.248037230,-0.239694080,0.972781484897,-9.787631912259,0.008343150
4023000000.000000,0.265807417,-0.265807417,-0.240121483,0.972733618837,-9.804125273690,0.025685934
4024000000.000000,0.272446672,-0.272446672,-0.240480338,0.972693431425,-9.820618635122,0.031966334
4025000000.000000,0.244813115,-0.244813115,-0.240770402,0.972660948954,-9.837111996553,0.004042713
4026000000.000000,0.257875403,-0.257875403,-0.240991460,0.972636194825,-9.853605357984,0.016883943
4027000000.000000,0.254498915,-0.254498915,-0.241143323,0.972619189545,-9.870098719416,0.013355592
4028000000.000000,0.246135298,-0.246135298,-0.241225830,0.972609950717,-9.886592080847,0.004909468
4029000000.000000,0.253220757,-0.253220757,-0.241238848,0.972608493041,-9.903085442278,0.011981909
4030000000.000000,0.251374729,-0.251374729,-0.241182271,0.972614828312,-9.919578803710,0.010192458
4031000000.000000,0.248991612,-0.248991612,-0.241056021,0.972628965421,-9.936072165141,0.007935591
4032000000.000000,0.249266767,-0.249266767,-0.240860048,0.972650910351,-9.952565526572,0.008406719
4033000000.000000,0.256125024,-0.256125024,-0.240594329,0.972680666184,-9.969058888004,0.015530695
4034000000.000000,0.237598334,-0.237598334,-0.240258868,0.972718233104,-9.985552249435,-0.002660534
4035000000.000000,0.249336893,-0.249336893,-0.239853699,0.972763608398,-10.002045610866,0.009483194
4036000000.000000,0.247039638,-0.247039638,-0.239378881,0.972816786466,-10.018538972298,0.007660757
4037000000.000000,0.257163807,-0.257163807,-0.238834500,0.972877758826,-10.035032333729,0.018329307
4038000000.000000,0.249163014,-0.249163014,-0.238220672,0.972946514123,-10.051525695161,0.010942342
4039000000.000000,0.230523549,-0.230523549,-0.237537538,0.973023038138,-10.068019056592,-0.007013989
4040000000.000000,0.240408619,-0.240408619,-0.236785266,0.973107313799,-10.084512418023,0.003623353
4041000000.000000,0.226562646,-0.226562646,-0.235964053,0.973199321193,-10.101005779455,-0.009401407
4042000000.000000,0.226524290,-0.226524290,-0.235074121,0.973299037581,-10.117499140886,-0.008549831
4043000000.000000,0.225652486,-0.225652486,-0.234115719,0.973406437408,-10.133992502317,-0.008463233
4044000000.000000,0.229578173,-0.229578173,-0.233089123,0.973521492322,-10.150485863749,-0.003510950
4045000000.000000,0.255992462,-0.255992462,-0.231994635,0.973644171191,-10.166979225180,0.023997827
4046000000.000000,0.222611861,-0.222611861,-0.230832582,0.973774440118,-10.183472586611,-0.008220721
4047000000.000000,0.219675753,-0.219675753,-0.229603319,0.973912262463,-10.199965948043,-0.009927566
4048000000.000000,0.211703049,-0.211703049,-0.228307225,0.974057598862,-10.216459309474,-0.016604176
4049000000.000000,0.218689585,-0.218689585,-0.226944706,0.974210407247,-10.232952670905,-0.008255121
4050000000.000000,0.204634509,-0.204634509,-0.225516190,0.974370642870,-10.249446032337,-0.020881681
4051000000.000000,0.215998002,-0.215998002,-0.224022134,0.974538258327,-10.265939393768,-0.008024132
4052000000.000000,0.216405991,-0.216405991,-0.222463018,0.974713203581,-10.282432755199,-0.006057027
4053000000.000000,0.208416199,-0.208416199,-0.220839345,0.974895425988,-10.298926116631,-0.012423146
4054000000.000000,0.208477350,-0.208477350,-0.219151643,0.975084870325,-10.315419478062,-0.010674293
4055000000.000000,0.216900478,-0.216900478,-0.217400464,0.975281478818,-10.331912839493,-0.000499986
4056000000.000000,0.213568412,-0.213568412,-0.215586385,0.975485191167,-10.348406200925,-0.002017973
4057000000.000000,0.208308610,-0.208308610,-0.213710002,0.975695944582,-10.364899562356,-0.005401392
4058000000.000000,0.206190249,-0.206190249,-0.211771939,0.975913673807,-10.381392923787,-0.005581690
4059000000.000000,0.193464236,-0.193464236,-0.209772837,0.976138311159,-10.397886285219,-0.016308601
4060000000.000000,0.196106264,-0.196106264,-0.207713363,0.976369786556,-10.414379646650,-0.011607099
4061000000.000000,0.174905957,-0.174905957,-0.205594204,0.976608027552,-10.430873008082,-0.030688247
4062000000.000000,0.181789156,-0.181789156,-0.203416069,0.976852959372,-10.447366369513,-0.021626913
4063000000.000000,0.178894944,-0.178894944,-0.201179688,0.977104504948,-10.463859730944,-0.022284744
4064000000.000000,0.190257629,-0.190257629,-0.198885810,0.977362584955,-10.480353092376,-0.008628181
4065000000.000000,0.165303349,-0.165303349,-0.196535206,0.977627117848,-10.496846453807,-0.031231857
4066000000.000000,0.177069478,-0.177069478,-0.194128665,0.977898019903,-10.513339815238,-0.017059187
4067000000.000000,0.166135102,-0.166135102,-0.191666997,0.978175205254,-10.529833176670,-0.025531895
4068000000.000000,0.170773571,-0.170773571,-0.189151030,0.978458585931,-10.546326538101,-0.018377459
4069000000.000000,0.176413165,-0.176413165,-0.186581610,0.978748071906,-10.562819899532,-0.010168445
4070000000.000000,0.157137722,-0.157137722,-0.183959600,0.979043571131,-10.579313260964,-0.026821878
4071000000.000000,0.165384743,-0.165384743,-0.181285884,0.979344989581,-10.595806622395,-0.015901141
4072000000.000000,0.160736068,-0.160736068,-0.178561360,0.979652231298,-10.612299983826,-0.017825292
4073000000.000000,0.160325917,-0.160325917,-0.175786943,0.979965198434,-10.628793345258,-0.015461026
4074000000.000000,0.175559146,-0.175559146,-0.172963565,0.980283791298,-10.645286706689,0.002595581
4075000000.000000,0.168489900,-0.168489900,-0.170092172,0.980607908397,-10.661780068120,-0.001602272
4076000000.000000,0.138015087,-0.138015087,-0.167173726,0.980937446485,-10.678273429552,-0.029158639
4077000000.000000,0.162237559,-0.162237559,-0.164209205,0.981272300612,-10.694766790983,-0.001971646
4078000000.000000,0.127081988,-0.127081988,-0.161199599,0.981612364164,-10.711260152414,-0.034117611
4079000000.000000,0.143583671,-0.143583671,-0.158145913,0.981957528919,-10.727753513846,-0.014562242
4080000000.000000,0.121981072,-0.121981072,-0.155049165,0.982307685089,-10.744246875277,-0.033068093
4081000000.000000,0.125297779,-0.125297779,-0.151910384,0.982662721374,-10.760740236708,-0.026612605
4082000000.000000,0.129473702,-0.129473702,-0.148730612,0.983022525009,-10.777233598140,-0.019256910
4083000000.000000,0.108411827,-0.108411827,-0.145510905,0.983386981813,-10.793726959571,-0.037099078
4084000000.000000,0.113924814,-0.113924814,-0.142252326,0.983755976243,-10.810220321003,-0.028327512
4085000000.000000,0.109004239,-0.109004239,-0.138955952,0.984129391441,-10.826713682434,-0.029951713
4086000000.000000,0.124613785,-0.124613785,-0.135622868,0.984507109289,-10.843207043865,-0.011009083
4087000000.000000,0.121175825,-0.121175825,-0.132254169,0.984889010458,-10.859700405296,-0.011078344
4088000000.000000,0.099737803,-0.099737803,-0.128850959,0.985274974464,-10.876193766728,-0.029113156
4089000000.000000,0.086978739,-0.086978739,-0.125414351,0.985664879717,-10.892687128159,-0.038435612
4090000000.000000,0.099059980,-0.099059980,-0.121945465,0.986058603574,-10.909180489591,-0.022885485
4091000000.000000,0.098738780,-0.098738780,-0.118445429,0.986456022395,-10.925673851022,-0.019706649
4092000000.000000,0.108424769,-0.108424769,-0.114915378,0.986857011595,-10.942167212453,-0.006490609
4093000000.000000,0.064149104,-0.064149104,-0.111356452,0.987261445698,-10.958660573885,-0.047207348
4094000000.000000,0.092048725,-0.092048725,-0.107769800,0.987669198391,-10.975153935316,-0.015721075
4095000000.000000,0.098604710,-0.098604710,-0.104156572,0.988080142580,-10.991647296747,-0.005551862
4096000000.000000,0.065815846,-0.065815846,-0.100517927,0.988494150440,-11.008140658179,-0.034702081
4097000000.000000,0.064878848,-0.064878848,-0.096855024,0.988911093475,-11.024634019610,-0.031976176
4098000000.000000,0.069622248,-0.069622248,-0.093169030,0.989330842570,-11.041127381041,-0.023546782
4099000000.000000,0.068379749,-0.068379749,-0.089461112,0.989753268047,-11.057620742473,-0.021081363
4100000000.000000,0.057379802,-0.057379802,-0.085732440,0.990178239719,-11.074114103904,-0.028352638
4101000000.000000,0.069844409,-0.069844409,-0.081984188,0.990605626946,-11.090607465335,-0.012139779
4102000000.000000,0.053788764,-0.053788764,-0.078217531,0.991035298690,-11.107100826767,-0.024428767
4103000000.000000,0.047061862,-0.047061862,-0.074433643,0.991467123569,-11.123594188198,-0.027371781
4104000000.000000,0.055561163,-0.055561163,-0.070633701,0.991900969916,-11.140087549629,-0.015072538
4105000000.000000,0.029092732,-0.029092732,-0.066818882,0.992336705829,-11.156580911061,-0.037726150
4106000000.000000,0.026257391,-0.026257391,-0.062990361,0.992774199229,-11.173074272492,-0.036732970
4107000000.000000,0.039621440,-0.039621440,-0.059149313,0.993213317915,-11.189567633923,-0.019527873
4108000000.000000,0.038328128,-0.038328128,-0.055296912,0.993653929618,-11.206060995355,-0.016968784
4109000000.000000,0.034970452,-0.034970452,-0.051434330,0.994095902057,-11.222554356786,-0.016463878
4110000000.000000,0.031677834,-0.031677834,-0.047562735,0.994539102993,-11.239047718217,-0.015884901
4111000000.000000,0.029944911,-0.029944911,-0.043683294,0.994983400282,-11.255541079649,-0.013738383
4112000000.000000,0.017605803,-0.017605803,-0.039797171,0.995428661932,-11.272034441080,-0.022191368
4113000000.000000,0.000015369,-0.000015369,-0.035905523,0.995874756154,-11.288527802512,-0.035890154
4114000000.000000,0.013990265,-0.013990265,-0.032009507,0.996321551419,-11.305021163943,-0.018019242
4115000000.000000,-0.005143990,0.005143990,-0.028110272,0.996768916509,-11.321514525374,-0.033254262
4116000000.000000,0.006386619,-0.006386619,-0.024208964,0.997216720572,-11.338007886806,-0.017822345
4117000000.000000,-0.001141707,0.001141707,-0.020306720,0.997664833172,-11.354501248237,-0.021448427
4118000000.000000,-0.006442947,0.006442947,-0.016404675,0.998113124345,-11.370994609668,-0.022847622
4119000000.000000,-0.008199928,0.008199928,-0.012503955,0.998561464648,-11.387487971100,-0.020703883
4120000000.000000,-0.000079046,0.000079046,-0.008605679,0.999009725214,-11.403981332531,-0.008684725
4121000000.000000,-0.010193058,0.010193058,-0.004710959,0.999457777800,-11.420474693962,-0.014904017
4122000000.000000,-0.024228963,0.024228963,-0.000820900,0.999905494841,-11.436968055394,-0.025049863
4123000000.000000,-0.007269621,0.007269621,0.003063403,1.000352749497,-11.453461416825,-0.004206218
4124000000.000000,-0.044751932,0.044751932,0.006940863,1.000799415707,-11.469954778256,-0.037811069
4125000000.000000,-0.042356871,0.042356871,0.010810401,1.001245368235,-11.486448139688,-0.031546470
4126000000.000000,-0.021491814,0.021491814,0.014670949,1.001690482719,-11.502941501119,-0.006820865
4127000000.000000,-0.033637501,0.033637501,0.018521449,1.002134635722,-11.519434862550,-0.015116052
4128000000.000000,-0.040860012,0.040860012,0.022360852,1.002577704778,-11.535928223982,-0.018499160
4129000000.000000,-0.027199953,0.027199953,0.026188120,1.003019568440,-11.552421585413,-0.001011833
4130000000.000000,-0.040046922,0.040046922,0.030002226,1.003460106324,-11.568914946844,-0.010044696
4131000000.000000,-0.050882179,0.050882179,0.033802156,1.003899199158,-11.585408308276,-0.017080023
4132000000.000000,-0.036863504,0.036863504,0.037586905,1.004336728828,-11.601901669707,0.000723401
4133000000.000000,-0.058371211,0.058371211,0.041355482,1.004772578418,-11.618395031138,-0.017015729
4134000000.000000,-0.059419837,0.059419837,0.045106907,1.005206632258,-11.634888392570,-0.014312930
4135000000.000000,-0.049936811,0.049936811,0.048840215,1.005638775965,-11.651381754001,-0.001096596
4136000000.000000,-0.058014760,0.058014760,0.052554452,1.006068896489,-11.667875115433,-0.005460308
4137000000.000000,-0.076438294,0.076438294,0.056248678,1.006496882148,-11.684368476864,-0.020189616
4138000000.000000,-0.072091194,0.072091194,0.059921966,1.006922622677,-11.700861838295,-0.012169228
4139000000.000000,-0.065995044,0.065995044,0.063573405,1.007346009261,-11.717355199727,-0.002421639
4140000000.000000,-0.057743876,0.057743876,0.067202096,1.007766934579,-11.733848561158,0.009458220
4141000000.000000,-0.064466247,0.064466247,0.070807155,1.008185292843,-11.750341922589,0.006340908
4142000000.000000,-0.069271435,0.069271435,0.074387715,1.008600979831,-11.766835284021,0.005116280
4143000000.000000,-0.088673706,0.088673706,0.077942920,1.009013892927,-11.783328645452,-0.010730786
4144000000.000000,-0.088756631,0.088756631,0.081471933,1.009423931159,-11.799822006883,-0.007284698
4145000000.000000,-0.088759608,0.088759608,0.084973931,1.009830995229,-11.816315368315,-0.003785677
4146000000.000000,-0.092924945,0.092924945,0.088448108,1.010234987552,-11.832808729746,-0.004476837
4147000000.000000,-0.098941495,0.098941495,0.091893671,1.010635812287,-11.849302091177,-0.007047824
4148000000.000000,-0.100493312,0.100493312,0.095309848,1.011033375369,-11.865795452609,-0.005183464
4149000000.000000,-0.105386124,0.105386124,0.098695878,1.011427584543,-11.882288814040,-0.006690246
4150000000.000000,-0.106345816,0.106345816,0.102051022,1.011818349391,-11.898782175471,-0.004294794
4151000000.000000,-0.099373530,0.099373530,0.105374554,1.012205581364,-11.915275536903,0.006001024
4152000000.000000,-0.109358571,0.109358571,0.108665767,1.012589193810,-11.931768898334,-0.000692804
4153000000.000000,-0.109807550,0.109807550,0.111923971,1.012969102001,-11.948262259765,0.002116421
4154000000.000000,-0.104710215,0.104710215,0.115148492,1.013345223161,-11.964755621197,0.010438277
4155000000.000000,-0.103800148,0.103800148,0.118338676,1.013717476490,-11.981248982628,0.014538528
4156000000.000000,-0.116700749,0.116700749,0.121493885,1.014085783189,-11.997742344059,0.004793136
4157000000.000000,-0.129674353,0.129674353,0.124613499,1.014450066485,-12.014235705491,-0.005060854
4158000000.000000,-0.133114244,0.133114244,0.127696917,1.014810251651,-12.030729066922,-0.005417327
4159000000.000000,-0.133979157,0.133979157,0.130743554,1.015166266030,-12.047222428353,-0.003235603
4160000000.000000,-0.114501201,0.114501201,0.133752847,1.015518039053,-12.063715789785,0.019251646
4161000000.000000,-0.125468064,0.125468064,0.136724248,1.015865502260,-12.080209151216,0.011256184
4162000000.000000,-0.140965986,0.140965986,0.139657228,1.016208589318,-12.096702512647,-0.001308758
4163000000.000000,-0.145370269,0.145370269,0.142551277,1.016547236039,-12.113195874079,-0.002818992
4164000000.000000,-0.127417353,0.127417353,0.145405905,1.016881380394,-12.129689235510,0.017988552
4165000000.000000,-0.140166635,0.140166635,0.148220639,1.017210962529,-12.146182596942,0.008054004
4166000000.000000,-0.137764498,0.137764498,0.150995024,1.017535924782,-12.162675958373,0.013230526
4167000000.000000,-0.154493264,0.154493264,0.153728627,1.017856211691,-12.179169319804,-0.000764637
4168000000.000000,-0.141628621,0.141628621,0.156421031,1.018171770007,-12.195662681236,0.014792410
4169000000.000000,-0.155068618,0.155068618,0.159071839,1.018482548709,-12.212156042667,0.004003221
4170000000.000000,-0.141044062,0.141044062,0.161680672,1.018788499007,-12.228649404098,0.020636610
4171000000.000000,-0.149123643,0.149123643,0.164247173,1.019089574357,-12.245142765530,0.015123530
4172000000.000000,-0.153642324,0.153642324,0.166770999,1.019385730462,-12.261636126961,0.013128675
4173000000.000000,-0.162237461,0.162237461,0.169251831,1.019676925284,-12.278129488392,0.007014370
4174000000.000000,-0.165406798,0.165406798,0.171689367,1.019963119046,-12.294622849824,0.006282569
4175000000.000000,-0.151512080,0.151512080,0.174083323,1.020244274237,-12.311116211255,0.022571243
4176000000.000000,-0.169492880,0.169492880,0.176433434,1.020520355613,-12.327609572686,0.006940554
4177000000.000000,-0.168711442,0.168711442,0.178739457,1.020791330204,-12.344102934118,0.010028015
4178000000.000000,-0.165094973,0.165094973,0.181001164,1.021057167307,-12.360596295549,0.015906191
4179000000.000000,-0.175618881,0.175618881,0.183218349,1.021317838495,-12.377089656980,0.007599468
4180000000.000000,-0.148436293,0.148436293,0.185390822,1.021573317606,-12.393583018412,0.036954529
4181000000.000000,-0.163943271,0.163943271,0.187518415,1.021823580749,-12.410076379843,0.023575144
4182000000.000000,-0.175457648,0.175457648,0.189600975,1.022068606293,-12.426569741274,0.014143327
4183000000.000000,-0.175450175,0.175450175,0.191638372,1.022308374868,-12.443063102706,0.016188197
4184000000.000000,-0.173505599,0.173505599,0.193630491,1.022542869357,-12.459556464137,0.020124892
4185000000.000000,-0.169297378,0.169297378,0.195577236,1.022772074888,-12.476049825568,0.026279858
4186000000.000000,-0.181506122,0.181506122,0.197478532,1.022995978828,-12.492543187000,0.015972410
4187000000.000000,-0.173886204,0.173886204,0.199334319,1.023214570773,-12.509036548431,0.025448115
4188000000.000000,-0.186727313,0.186727313,0.201144557,1.023427842538,-12.525529909863,0.014417244
4189000000.000000,-0.177309528,0.177309528,0.202909224,1.023635788146,-12.542023271294,0.025599696
4190000000.000000,-0.193427165,0.193427165,0.204628315,1.023838403817,-12.558516632725,0.011201150
4191000000.000000,-0.180220079,0.180220079,0.206301844,1.024035687952,-12.575009994157,0.026081765
4192000000.000000,-0.190149692,0.190149692,0.207929842,1.024227641122,-12.591503355588,0.017780150
4193000000.000000,-0.205364541,0.205364541,0.209512357,1.024414266051,-12.607996717019,0.004147816
4194000000.000000,-0.180349916,0.180349916,0.211049456,1.024595567600,-12.624490078451,0.030699540
4195000000.000000,-0.208907478,0.208907478,0.212541221,1.024771552749,-12.640983439882,0.003633743
4196000000.000000,-0.180782845,0.180782845,0.213987754,1.024942230581,-12.657476801313,0.033204909
4197000000.000000,-0.170931984,0.170931984,0.215389170,1.025107612262,-12.673970162745,0.044457186
4198000000.000000,-0.207053958,0.207053958,0.216745605,1.025267711020,-12.690463524176,0.009691647
4199000000.000000,-0.188358421,0.188358421,0.218057208,1.025422542124,-12.706956885607,0.029698787
4200000000.000000,-0.201803896,0.201803896,0.219324147,1.025572122863,-12.723450247039,0.017520251
4201000000.000000,-0.201573631,0.201573631,0.220546603,1.025716472522,-12.739943608470,0.018972972
4202000000.000000,-0.206219258,0.206219258,0.221724776,1.025855612359,-12.756436969901,0.015505518
4203000000.000000,-0.189792937,0.189792937,0.222858880,1.025989565581,-12.772930331333,0.033065943
4204000000.000000,-0.205412370,0.205412370,0.223949145,1.026118357315,-12.789423692764,0.018536775
4205000000.000000,-0.204620569,0.204620569,0.224995816,1.026242014588,-12.805917054195,0.020375247
4206000000.000000,-0.209938370,0.209938370,0.225999154,1.026360566293,-12.822410415627,0.016060784
4207000000.000000,-0.191594517,0.191594517,0.226959434,1.026474043163,-12.838903777058,0.035364917
4208000000.000000,-0.222089329,0.222089329,0.227876944,1.026582477745,-12.855397138489,0.005787615
4209000000.000000,-0.206925647,0.206925647,0.228751990,1.026685904367,-12.871890499921,0.021826343
4210000000.000000,-0.222557668,0.222557668,0.229584890,1.026784359108,-12.888383861352,0.007027222
4211000000.000000,-0.217690272,0.217690272,0.230375974,1.026877879769,-12.904877222783,0.012685702
4212000000.000000,-0.219747043,0.219747043,0.231125589,1.026966505837,-12.921370584215,0.011378546
4213000000.000000,-0.198997984,0.198997984,0.231834093,1.027050278455,-12.937863945646,0.032836109
4214000000.000000,-0.209363003,0.209363003,0.232501858,1.027129240392,-12.954357307078,0.023138855
4215000000.000000,-0.199695306,0.199695306,0.233129269,1.027203435999,-12.970850668509,0.033433963
4216000000.000000,-0.218102694,0.218102694,0.233716722,1.027272911186,-12.987344029940,0.015614028
4217000000.000000,-0.211611355,0.211611355,0.234264626,1.027337713376,-13.003837391372,0.022653271
4218000000.000000,-0.213106550,0.213106550,0.234773402,1.027397891478,-13.020330752803,0.021666852
4219000000.000000,-0.195593433,0.195593433,0.235243483,1.027453495844,-13.036824114234,0.039650050
4220000000.000000,-0.226217819,0.226217819,0.235675313,1.027504578235,-13.053317475666,0.009457494
4221000000.000000,-0.215345615,0.215345615,0.236069346,1.027551191781,-13.069810837097,0.020723731
4222000000.000000,-0.226767390,0.226767390,0.236426048,1.027593390946,-13.086304198528,0.009658658
4223000000.000000,-0.227891811,0.227891811,0.236745895,1.027631231485,-13.102797559960,0.008854084
4224000000.000000,-0.217622922,0.217622922,0.237029373,1.027664770409,-13.119290921391,0.019406451
4225000000.000000,-0.204247382,0.204247382,0.237276977,1.027694065941,-13.135784282822,0.033029595
4226000000.000000,-0.223576448,0.223576448,0.237489213,1.027719177479,-13.152277644254,0.013912765
4227000000.000000,-0.209210529,0.209210529,0.237666594,1.027740165554,-13.168771005685,0.028456065
4228000000.000000,-0.218856835,0.218856835,0.237809644,1.027757091789,-13.185264367116,0.018952809
4229000000.000000,-0.233815292,0.233815292,0.237918894,1.027770018857,-13.201757728548,0.004103602
4230000000.000000,-0.220762773,0.220762773,0.237994883,1.027779010441,-13.218251089979,0.017232110
4231000000.000000,-0.208452040,0.208452040,0.238038159,1.027784131188,-13.234744451410,0.029586119
4232000000.000000,-0.226639287,0.226639287,0.238049277,1.027785446674,-13.251237812842,0.011409990
4233000000.000000,-0.236892265,0.236892265,0.238028797,1.027783023350,-13.267731174273,0.001136532
4234000000.000000,-0.239353553,0.239353553,0.237977289,1.027776928512,-13.284224535704,-0.001376264
4235000000.000000,-0.227338553,0.227338553,0.237895327,1.027767230247,-13.300717897136,0.010556774
4236000000.000000,-0.218749377,0.218749377,0.237783492,1.027753997395,-13.317211258567,0.019034115
4237000000.000000,-0.218815568,0.218815568,0.237642372,1.027737299505,-13.333704619998,0.018826804
4238000000.000000,-0.225347258,0.225347258,0.237472557,1.027717206788,-13.350197981430,0.012125299
4239000000.000000,-0.229269052,0.229269052,0.237274646,1.027693790078,-13.366691342861,0.008005594
4240000000.000000,-0.213290679,0.213290679,0.237049238,1.027667120785,-13.383184704293,0.023758559
4241000000.000000,-0.224430933,0.224430933,0.236796942,1.027637270851,-13.399678065724,0.012366009
4242000000.000000,-0.231484361,0.231484361,0.236518365,1.027604312705,-13.416171427155,0.005034004
4243000000.000000,-0.243007351,0.243007351,0.236214123,1.027568319222,-13.432664788587,-0.006793228
4244000000.000000,-0.231679241,0.231679241,0.235884831,1.027529363676,-13.449158150018,0.004205590
4245000000.000000,-0.236575826,0.236575826,0.235531109,1.027487519695,-13.465651511449,-0.001044717
4246000000.000000,-0.219718381,0.219718381,0.235153579,1.027442861222,-13.482144872881,0.015435198
4247000000.000000,-0.221279546,0.221279546,0.234752866,1.027395462463,-13.498638234312,0.013473320
4248000000.000000,-0.221280034,0.221280034,0.234329596,1.027345397852,-13.515131595743,0.013049562
4249000000.000000,-0.224457899,0.224457899,0.233884395,1.027292741998,-13.531624957175,0.009426496
4250000000.000000,-0.220780011,0.220780011,0.233417893,1.027237569649,-13.548118318606,0.012637882
4251000000.000000,-0.224550432,0.224550432,0.232930720,1.027179955644,-13.564611680037,0.008380288
4252000000.000000,-0.227343130,0.227343130,0.232423504,1.027119974870,-13.581105041469,0.005080374
4253000000.000000,-0.219360518,0.219360518,0.231896877,1.027057702222,-13.597598402900,0.012536359
4254000000.000000,-0.236745826,0.236745826,0.231351467,1.026993212556,-13.614091764331,-0.005394359
4255000000.000000,-0.227725179,0.227725179,0.230787903,1.026926580649,-13.630585125763,0.003062724
4256000000.000000,-0.233486363,0.233486363,0.230206814,1.026857881155,-13.647078487194,-0.003279549
4257000000.000000,-0.245024576,0.245024576,0.229608825,1.026787188566,-13.663571848625,-0.015415751
4258000000.000000,-0.244714473,0.244714473,0.228994562,1.026714577165,-13.680065210057,-0.015719911
4259000000.000000,-0.230718322,0.230718322,0.228364649,1.026640120991,-13.696558571488,-0.002353673
4260000000.000000,-0.230241377,0.230241377,0.227719705,1.026563893794,-13.713051932919,-0.002521672
4261000000.000000,-0.229194305,0.229194305,0.227060348,1.026485968995,-13.729545294351,-0.002133957
4262000000.000000,-0.236165673,0.236165673,0.226387193,1.026406419647,-13.746038655782,-0.009778480
4263000000.000000,-0.216790109,0.216790109,0.225700853,1.026325318397,-13.762532017214,0.008910744
4264000000.000000,-0.230230799,0.230230799,0.225001934,1.026242737442,-13.779025378645,-0.005228865
4265000000.000000,-0.228125554,0.228125554,0.224291041,1.026158748494,-13.795518740076,-0.003834513
4266000000.000000,-0.223196004,0.223196004,0.223568774,1.026073422744,-13.812012101508,0.000372770
4267000000.000000,-0.247634350,0.247634350,0.222835727,1.025986830818,-13.828505462939,-0.024798623
4268000000.000000,-0.239023352,0.239023352,0.222092492,1.025899042749,-13.844998824370,-0.016930860
4269000000.000000,-0.239698707,0.239698707,0.221339652,1.025810127931,-13.861492185802,-0.018359055
4270000000.000000,-0.216684066,0.216684066,0.220577787,1.025720155092,-13.877985547233,0.003893721
4271000000.000000,-0.256825485,0.256825485,0.219807472,1.025629192253,-13.894478908664,-0.037018013
4272000000.000000,-0.221529588,0.221529588,0.219029273,1.025537306698,-13.910972270096,-0.002500315
4273000000.000000,-0.245655344,0.245655344,0.218243752,1.025444564935,-13.927465631527,-0.027411592
4274000000.000000,-0.215955551,0.215955551,0.217451463,1.025351032671,-13.943958992958,0.001495912
4275000000.000000,-0.231705385,0.231705385,0.216652955,1.025256774772,-13.960452354390,-0.015052430
4276000000.000000,-0.235700687,0.235700687,0.215848767,1.025161855236,-13.976945715821,-0.019851920
4277000000.000000,-0.231194392,0.231194392,0.215039433,1.025066337162,-13.993439077252,-0.016154959
4278000000.000000,-0.217403493,0.217403493,0.214225479,1.024970282718,-14.009932438684,-0.003178014
4279000000.000000,-0.225885046,0.225885046,0.213407421,1.024873753115,-14.026425800115,-0.012477625
4280000000.000000,-0.231116983,0.231116983,0.212585769,1.024776808577,-14.042919161546,-0.018531214
4281000000.000000,-0.227436946,0.227436946,0.211761024,1.024679508312,-14.059412522978,-0.015675922
4282000000.000000,-0.212450327,0.212450327,0.210933678,1.024581910491,-14.075905884409,-0.001516649
4283000000.000000,-0.238453772,0.238453772,0.210104215,1.024484072216,-14.092399245840,-0.028349557
4284000000.000000,-0.229647125,0.229647125,0.209273109,1.024386049499,-14.108892607272,-0.020374016
4285000000.000000,-0.211684657,0.211684657,0.208440824,1.024287897238,-14.125385968703,-0.003243833
4286000000.000000,-0.220283752,0.220283752,0.207607817,1.024189669194,-14.141879330134,-0.012675935
4287000000.000000,-0.222126768,0.222126768,0.206774534,1.024091417968,-14.158372691566,-0.015352234
4288000000.000000,-0.229514440,0.229514440,0.205941410,1.023993194981,-14.174866052997,-0.023573030
4289000000.000000,-0.238947005,0.238947005,0.205108872,1.023895050455,-14.191359414428,-0.033838133
4290000000.000000,-0.219635217,0.219635217,0.204277336,1.023797033391,-14.207852775860,-0.015357881
4291000000.000000,-0.238186899,0.238186899,0.203447206,1.023699191556,-14.224346137291,-0.034739693
4292000000.000000,-0.204760177,0.204760177,0.202618879,1.023601571460,-14.240839498723,-0.002141298
4293000000.000000,-0.249838676,0.249838676,0.201792739,1.023504218346,-14.257332860154,-0.048045937
4294000000.000000,-0.209391939,0.209391939,0.200969159,1.023407176172,-14.273826221585,-0.008422780
4295000000.000000,-0.207193924,0.207193924,0.200148502,1.023310487597,-14.290319583017,-0.007045422
4296000000.000000,-0.207136822,0.207136822,0.199331120,1.023214193971,-14.306812944448,-0.007805702
4297000000.000000,-0.217801723,0.217801723,0.198517355,1.023118335319,-14.323306305879,-0.019284368
4298000000.000000,-0.237971234,0.237971234,0.197707534,1.023022950335,-14.339799667311,-0.040263700
4299000000.000000,-0.223944917,0.223944917,0.196901978,1.022928076370,-14.356293028742,-0.027042939
4300000000.000000,-0.218145150,0.218145150,0.196100991,1.022833749423,-14.372786390173,-0.022044159
4301000000.000000,-0.205919113,0.205919113,0.195304871,1.022740004139,-14.389279751605,-0.010614242
4302000000.000000,-0.214063541,0.214063541,0.194513901,1.022646873793,-14.405773113036,-0.019549640
4303000000.000000,-0.225250770,0.225250770,0.193728354,1.022554390297,-14.422266474467,-0.031522416
4304000000.000000,-0.234555992,0.234555992,0.192948490,1.022462584187,-14.438759835899,-0.041607502
4305000000.000000,-0.215647263,0.215647263,0.192174558,1.022371484623,-14.455253197330,-0.023472705
4306000000.000000,-0.210713056,0.210713056,0.191406797,1.022281119391,-14.471746558761,-0.019306259
4307000000.000000,-0.216470505,0.216470505,0.190645432,1.022191514896,-14.488239920193,-0.025825073
4308000000.000000,-0.220125453,0.220125453,0.189890678,1.022102696169,-14.504733281624,-0.030234775
4309000000.000000,-0.216967566,0.216967566,0.189142737,1.022014686864,-14.521226643055,-0.027824829
4310000000.000000,-0.202547142,0.202547142,0.188401802,1.021927509266,-14.537720004487,-0.014145340
4311000000.000000,-0.202057600,0.202057600,0.187668050,1.021841184291,-14.554213365918,-0.014389550
4312000000.000000,-0.208862277,0.208862277,0.186941651,1.021755731492,-14.570706727349,-0.021920626
4313000000.000000,-0.225454804,0.225454804,0.186222761,1.021671169068,-14.587200088781,-0.039232043
4314000000.000000,-0.216571964,0.216571964,0.185511524,1.021587513870,-14.603693450212,-0.031060440
4315000000.000000,-0.186771674,0.186771674,0.184808076,1.021504781409,-14.620186811643,-0.001963598
4316000000.000000,-0.196934176,0.196934176,0.184112538,1.021422985867,-14.636680173075,-0.012821638
4317000000.000000,-0.205890565,0.205890565,0.183425021,1.021342140109,-14.653173534506,-0.022465544
4318000000.000000,-0.187691620,0.187691620,0.182745627,1.021262255694,-14.669666895938,-0.004945993
4319000000.000000,-0.195331488,0.195331488,0.182074443,1.021183342888,-14.686160257369,-0.013257045
4320000000.000000,-0.203678938,0.203678938,0.181411549,1.021105410680,-14.702653618800,-0.022267389
4321000000.000000,-0.198540677,0.198540677,0.180757012,1.021028466799,-14.719146980232,-0.017783665
4322000000.000000,-0.186521788,0.186521788,0.180110889,1.020952517725,-14.735640341663,-0.006410899
4323000000.000000,-0.197279749,0.197279749,0.179473227,1.020877568714,-14.752133703094,-0.017806522
4324000000.000000,-0.192311622,0.192311622,0.178844062,1.020803623813,-14.768627064526,-0.013467560
4325000000.000000,-0.217323667,0.217323667,0.178223420,1.020730685880,-14.785120425957,-0.039100247
4326000000.000000,-0.185976357,0.185976357,0.177611318,1.020658756608,-14.801613787388,-0.008365039
4327000000.000000,-0.181833401,0.181833401,0.177007761,1.020587836545,-14.818107148820,-0.004825640
4328000000.000000,-0.182976288,0.182976288,0.176412748,1.020517925118,-14.834600510251,-0.006563540
4329000000.000000,-0.203490868,0.203490868,0.175826264,1.020449020658,-14.851093871682,-0.027664604
4330000000.000000,-0.187240390,0.187240390,0.175248290,1.020381120423,-14.867587233114,-0.011992100
4331000000.000000,-0.169452264,0.169452264,0.174678793,1.020314220630,-14.884080594545,0.005226529
4332000000.000000,-0.180122050,0.180122050,0.174117736,1.020248316477,-14.900573955976,-0.006004314
4333000000.000000,-0.190887518,0.190887518,0.173565070,1.020183402175,-14.917067317408,-0.017322448
4334000000.000000,-0.188607679,0.188607679,0.173020740,1.020119470974,-14.933560678839,-0.015586939
4335000000.000000,-0.175573517,0.175573517,0.172484682,1.020056515200,-14.950054040270,-0.003088835
4336000000.000000,-0.177334600,0.177334600,0.171956823,1.019994526278,-14.966547401702,-0.005377777
4337000000.000000,-0.175571760,0.175571760,0.171437086,1.019933494773,-14.983040763133,-0.004134674
4338000000.000000,-0.169320042,0.169320042,0.170925385,1.019873410416,-14.999534124564,0.001605343
4339000000.000000,-0.147107329,0.147107329,0.170421626,1.019814262144,-15.016027485996,0.023314297
4340000000.000000,-0.178785963,0.178785963,0.169925710,1.019756038132,-15.032520847427,-0.008860253
4341000000.000000,-0.166532448,0.166532448,0.169437533,1.019698725830,-15.049014208859,0.002905085
4342000000.000000,-0.173106321,0.173106321,0.168956981,1.019642312001,-15.065507570290,-0.004149340
4343000000.000000,-0.166635959,0.166635959,0.168483939,1.019586782754,-15.082000931721,0.001847980
4344000000.000000,-0.164890416,0.164890416,0.168018283,1.019532123591,-15.098494293153,0.003127867
4345000000.000000,-0.173054894,0.173054894,0.167559887,1.019478319438,-15.114987654584,-0.005495007
4346000000.000000,-0.177541786,0.177541786,0.167108619,1.019425354690,-15.131481016015,-0.010433167
4347000000.000000,-0.175178454,0.175178454,0.166664343,1.019373213251,-15.147974377447,-0.008514111
4348000000.000000,-0.168866835,0.168866835,0.166226919,1.019321878573,-15.164467738878,-0.002639916
4349000000.000000,-0.171327205,0.171327205,0.165796203,1.019271333703,-15.180961100309,-0.005531002
4350000000.000000,-0.168243674,0.168243674,0.165372049,1.019221561322,-15.197454461741,-0.002871625
4351000000.000000,-0.159946259,0.159946259,0.164954308,1.019172543788,-15.213947823172,0.005008049
4352000000.000000,-0.172268640,0.172268640,0.164542827,1.019124263185,-15.230441184603,-0.007725813
4353000000.000000,-0.159781093,0.159781093,0.164137453,1.019076701362,-15.246934546035,0.004356360
4354000000.000000,-0.137612803,0.137612803,0.163738030,1.019029839982,-15.263427907466,0.026125227
4355000000.000000,-0.144322940,0.144322940,0.163344403,1.018983660567,-15.279921268897,0.019021463
4356000000.000000,-0.160323608,0.160323608,0.162956412,1.018938144544,-15.296414630329,0.002632804
4357000000.000000,-0.150500587,0.150500587,0.162573901,1.018893273291,-15.312907991760,0.012073314
4358000000.000000,-0.176572368,0.176572368,0.162196711,1.018849028186,-15.329401353191,-0.014375657
4359000000.000000,-0.141497204,0.141497204,0.161824684,1.018805390653,-15.345894714623,0.020327480
4360000000.000000,-0.158051797,0.158051797,0.161457664,1.018762342210,-15.362388076054,0.003405867
4361000000.000000,-0.148279804,0.148279804,0.161095495,1.018719864519,-15.378881437485,0.012815691
4362000000.000000,-0.153459164,0.153459164,0.160738023,1.018677939434,-15.395374798917,0.007278859
4363000000.000000,-0.174526700,0.174526700,0.160385095,1.018636549048,-15.411868160348,-0.014141605
4364000000.000000,-0.149423460,0.149423460,0.160036563,1.018595675745,-15.428361521779,0.010613103
4365000000.000000,-0.145421729,0.145421729,0.159692278,1.018555302246,-15.444854883211,0.014270549
4366000000.000000,-0.151970219,0.151970219,0.159352098,1.018515411662,-15.461348244642,0.007381879
4367000000.000000,-0.149755214,0.149755214,0.159015883,1.018475987543,-15.477841606074,0.009260669
4368000000.000000,-0.150148125,0.150148125,0.158683497,1.018437013924,-15.494334967505,0.008535372
4369000000.000000,-0.162899174,0.162899174,0.158354809,1.018398475381,-15.510828328936,-0.004544365
4370000000.000000,-0.146267612,0.146267612,0.158029694,1.018360357074,-15.527321690368,0.011762082
4371000000.000000,-0.147296627,0.147296627,0.157708029,1.018322644805,-15.543815051799,0.010411402
4372000000.000000,-0.151140518,0.151140518,0.157389700,1.018285325058,-15.560308413230,0.006249182
4373000000.000000,-0.134836406,0.134836406,0.157074599,1.018248385057,-15.576801774662,0.022238193
4374000000.000000,-0.129888849,0.129888849,0.156762624,1.018211812812,-15.593295136093,0.026873775
4375000000.000000,-0.143119900,0.143119900,0.156453680,1.018175597168,-15.609788497524,0.013333780
4376000000.000000,-0.135722719,0.135722719,0.156147679,1.018139727856,-15.626281858956,0.020424960
4377000000.000000,-0.120556204,0.120556204,0.155844543,1.018104195541,-15.642775220387,0.035288339
4378000000.000000,-0.142869732,0.142869732,0.155544200,1.018068991870,-15.659268581818,0.012674468
4379000000.000000,-0.140167629,0.140167629,0.155246588,1.018034109521,-15.675761943250,0.015078959
4380000000.000000,-0.156521186,0.156521186,0.154951654,1.017999542252,-15.692255304681,-0.001569532
4381000000.000000,-0.121329092,0.121329092,0.154659355,1.017965284946,-15.708748666112,0.033330263
4382000000.000000,-0.124085706,0.124085706,0.154369658,1.017931333663,-15.725242027544,0.030283952
4383000000.000000,-0.125871322,0.125871322,0.154082539,1.017897685680,-15.741735388975,0.028211217
4384000000.000000,-0.110672517,0.110672517,0.153797986,1.017864339543,-15.758228750406,0.043125469
4385000000.000000,-0.135330212,0.135330212,0.153515999,1.017831295109,-15.774722111838,0.018185787
4386000000.000000,-0.132477618,0.132477618,0.153236587,1.017798553593,-15.791215473269,0.020758969
4387000000.000000,-0.147837545,0.147837545,0.152959774,1.017766117612,-15.807708834700,0.005122229
4388000000.000000,-0.132175429,0.132175429,0.152685595,1.017733991227,-15.824202196132,0.020510166
4389000000.000000,-0.125443243,0.125443243,0.152414096,1.017702179987,-15.840695557563,0.026970853
4390000000.000000,-0.129269158,0.129269158,0.152145339,1.017670690975,-15.857188918994,0.022876181
4391000000.000000,-0.124527782,0.124527782,0.151879398,1.017639532840,-15.873682280426,0.027351616
4392000000.000000,-0.143094587,0.143094587,0.151616361,1.017608715847,-15.890175641857,0.008521774
4393000000.000000,-0.119375933,0.119375933,0.151356330,1.017578251911,-15.906669003289,0.031980397
4394000000.000000,-0.133403776,0.133403776,0.151099420,1.017548154638,-15.923162364720,0.017695644
4395000000.000000,-0.139632491,0.139632491,0.150845764,1.017518439361,-15.939655726151,0.011213273
4396000000.000000,-0.130678761,0.130678761,0.150595507,1.017489123179,-15.956149087583,0.019916746
4397000000.000000,-0.136588972,0.136588972,0.150348812,1.017460224989,-15.972642449014,0.013759840
4398000000.000000,-0.119359416,0.119359416,0.150105855,1.017431765524,-15.989135810445,0.030746439
4399000000.000000,-0.140373584,0.140373584,0.149866829,1.017403767383,-16.005629171877,0.009493245
4400000000.000000,-0.152779571,0.152779571,0.149631945,1.017376255065,-16.022122533308,-0.003147626
4401000000.000000,-0.125835610,0.125835610,0.149401428,1.017349255002,-16.038615894739,0.023565818
4402000000.000000,-0.127056099,0.127056099,0.149175521,1.017322795582,-16.055109256171,0.022119422
4403000000.000000,-0.136864859,0.136864859,0.148954483,1.017296907183,-16.071602617602,0.012089624
4404000000.000000,-0.130168182,0.130168182,0.148738592,1.017271622199,-16.088095979033,0.018570410
4405000000.000000,-0.141680145,0.141680145,0.148528142,1.017246975062,-16.104589340465,0.006847997
4406000000.000000,-0.139655876,0.139655876,0.148323445,1.017223002269,-16.121082701896,0.008667569
4407000000.000000,-0.126491207,0.126491207,0.148124830,1.017199742404,-16.137576063327,0.021633623
4408000000.000000,-0.141731769,0.141731769,0.147932647,1.017177236160,-16.154069424759,0.006200878
4409000000.000000,-0.131122013,0.131122013,0.147747260,1.017155526354,-16.170562786190,0.016625247
4410000000.000000,-0.153017796,0.153017796,0.147569055,1.017134657949,-16.187056147621,-0.005448741
4411000000.000000,-0.133222254,0.133222254,0.147398434,1.017114678070,-16.203549509053,0.014176180
4412000000.000000,-0.127484891,0.127484891,0.147235818,1.017095636014,-16.220042870484,0.019750927
4413000000.000000,-0.134902401,0.134902401,0.147081648,1.017077583268,-16.236536231915,0.012179247
4414000000.000000,-0.129282424,0.129282424,0.146936383,1.017060573517,-16.253029593347,0.017653959
4415000000.000000,-0.142342559,0.142342559,0.146800500,1.017044662653,-16.269522954778,0.004457941
4416000000.000000,-0.136811669,0.136811669,0.146674497,1.017029908782,-16.286016316209,0.009862828
4417000000.000000,-0.137122220,0.137122220,0.146558888,1.017016372231,-16.302509677641,0.009436668
4418000000.000000,-0.144025262,0.144025262,0.146454208,1.017004115549,-16.319003039072,0.002428946
4419000000.000000,-0.139555885,0.139555885,0.146361011,1.016993203510,-16.335496400504,0.006805126
4420000000.000000,-0.138749505,0.138749505,0.146279871,1.016983703112,-16.351989761935,0.007530366
4421000000.000000,-0.133446020,0.133446020,0.146211377,1.016975683574,-16.368483123366,0.012765357
4422000000.000000,-0.167240248,0.167240248,0.146156140,1.016969216331,-16.384976484798,-0.021084108
4423000000.000000,-0.141726528,0.141726528,0.146114791,1.016964375028,-16.401469846229,0.004388263
4424000000.000000,-0.139269167,0.139269167,0.146087976,1.016961235508,-16.417963207660,0.006818809
4425000000.000000,-0.156676278,0.156676278,0.146076363,1.016959875806,-16.434456569092,-0.010599915
4426000000.000000,-0.145211220,0.145211220,0.146080636,1.016960376130,-16.450949930523,0.000869416
4427000000.000000,-0.153409463,0.153409463,0.146101500,1.016962818849,-16.467443291954,-0.007307963
4428000000.000000,-0.131904616,0.131904616,0.146139675,1.016967288475,-16.483936653386,0.014235059
4429000000.000000,-0.169396342,0.169396342,0.146195901,1.016973871637,-16.500430014817,-0.023200441
4430000000.000000,-0.139346106,0.139346106,0.146270936,1.016982657069,-16.516923376248,0.006924830
4431000000.000000,-0.152234618,0.152234618,0.146365556,1.016993735572,-16.533416737680,-0.005869062
4432000000.000000,-0.156187166,0.156187166,0.146480551,1.017007199997,-16.549910099111,-0.009706615
4433000000.000000,-0.139109020,0.139109020,0.146616732,1.017023145210,-16.566403460542,0.007507712
4434000000.000000,-0.140964017,0.140964017,0.146774925,1.017041668061,-16.582896821974,0.005810908
4435000000.000000,-0.139120120,0.139120120,0.146955973,1.017062867348,-16.599390183405,0.007835853
4436000000.000000,-0.154107230,0.154107230,0.147160733,1.017086843780,-16.615883544836,-0.006946497
4437000000.000000,-0.168256589,0.168256589,0.147390081,1.017113699940,-16.632376906268,-0.020866508
4438000000.000000,-0.136005491,0.136005491,0.147644906,1.017143540235,-16.648870267699,0.011639415
4439000000.000000,-0.159138557,0.159138557,0.147926112,1.017176470859,-16.665363629130,-0.011212445
4440000000.000000,-0.162271876,0.162271876,0.148234619,1.017212599740,-16.681856990562,-0.014037257
4441000000.000000,-0.153959486,0.153959486,0.148571359,1.017252036492,-16.698350351993,-0.005388127
4442000000.000000,-0.166890640,0.166890640,0.148937280,1.017294892360,-16.714843713425,-0.017953360
4443000000.000000,-0.164525618,0.164525618,0.149333340,1.017341280167,-16.731337074856,-0.015192278
4444000000.000000,-0.161979325,0.161979325,0.149760512,1.017391314251,-16.747830436287,-0.012218813
4445000000.000000,-0.143966579,0.143966579,0.150219780,1.017445110408,-16.764323797719,0.006253201
4446000000.000000,-0.157534224,0.157534224,0.150712139,1.017502785825,-16.780817159150,-0.006822085
4447000000.000000,-0.164034666,0.164034666,0.151238595,1.017564459017,-16.797310520581,-0.012796071
4448000000.000000,-0.165037539,0.165037539,0.151800164,1.017630249751,-16.813803882013,-0.013237375
4449000000.000000,-0.170132727,0.170132727,0.152397871,1.017700278981,-16.830297243444,-0.017734856
4450000000.000000,-0.179678634,0.179678634,0.153032752,1.017774668766,-16.846790604875,-0.026645882
4451000000.000000,-0.178474498,0.178474498,0.153705847,1.017853542197,-16.863283966307,-0.024768651
4452000000.000000,-0.168737291,0.168737291,0.154418207,1.017937023314,-16.879777327738,-0.014319084
4453000000.000000,-0.166721705,0.166721705,0.155170887,1.018025237021,-16.896270689169,-0.011550818
4454000000.000000,-0.180756093,0.180756093,0.155964950,1.018118309004,-16.912764050601,-0.024791143
4455000000.000000,-0.184289607,0.184289607,0.156801462,1.018216365635,-16.929257412032,-0.027488145
4456000000.000000,-0.170823809,0.170823809,0.157681494,1.018319533884,-16.945750773463,-0.013142315
4457000000.000000,-0.172024474,0.172024474,0.158606119,1.018427941222,-16.962244134895,-0.013418355
4458000000.000000,-0.176566338,0.176566338,0.159576414,1.018541715526,-16.978737496326,-0.016989924
4459000000.000000,-0.187684094,0.187684094,0.160593457,1.018660984973,-16.995230857757,-0.027090637
4460000000.000000,-0.166430479,0.166430479,0.161658326,1.018785877939,-17.011724219189,-0.004772153
4461000000.000000,-0.158335483,0.158335483,0.162772098,1.018916522892,-17.028217580620,0.004436615
4462000000.000000,-0.188009922,0.188009922,0.163935848,1.019053048281,-17.044710942051,-0.024074074
4463000000.000000,-0.198937521,0.198937521,0.165150652,1.019195582425,-17.061204303483,-0.033786869
4464000000.000000,-0.173346946,0.173346946,0.166417578,1.019344253396,-17.077697664914,-0.006929368
4465000000.000000,-0.169582277,0.169582277,0.167737692,1.019499188903,-17.094191026345,-0.001844585
4466000000.000000,-0.188428919,0.188428919,0.169112053,1.019660516165,-17.110684387777,-0.019316866
4467000000.000000,-0.180183255,0.180183255,0.170541714,1.019828361792,-17.127177749208,-0.009641541
4468000000.000000,-0.179799315,0.179799315,0.172027719,1.020002851659,-17.143671110639,-0.007771596
4469000000.000000,-0.192635897,0.192635897,0.173571103,1.020184110770,-17.160164472071,-0.019064794
4470000000.000000,-0.199030301,0.199030301,0.175172893,1.020372263128,-17.176657833502,-0.023857408
4471000000.000000,-0.187557405,0.187557405,0.176834100,1.020567431602,-17.193151194934,-0.010723305
4472000000.000000,-0.180396315,0.180396315,0.178555725,1.020769737785,-17.209644556365,-0.001840590
4473000000.000000,-0.183641492,0.183641492,0.180338756,1.020979301851,-17.226137917796,-0.003302736
4474000000.000000,-0.202290537,0.202290537,0.182184162,1.021196242418,-17.242631279228,-0.020106375
4475000000.000000,-0.196786706,0.196786706,0.184092899,1.021420676391,-17.259124640659,-0.012693807
4476000000.000000,-0.210762718,0.210762718,0.186065902,1.021652718822,-17.275618002090,-0.024696816
4477000000.000000,-0.181220066,0.181220066,0.188104088,1.021892482748,-17.292111363522,0.006884022
4478000000.000000,-0.204422924,0.204422924,0.190208354,1.022140079044,-17.308604724953,-0.014214570
4479000000.000000,-0.201726795,0.201726795,0.192379574,1.022395616260,-17.325098086384,-0.009347221
4480000000.000000,-0.208894716,0.208894716,0.194618598,1.022659200460,-17.341591447816,-0.014276118
4481000000.000000,-0.210724311,0.210724311,0.196926251,1.022930935060,-17.358084809247,-0.013798060
4482000000.000000,-0.203680907,0.203680907,0.199303334,1.023210920665,-17.374578170678,-0.004377573
4483000000.000000,-0.198508463,0.198508463,0.201750617,1.023499254891,-17.391071532110,0.003242154
4484000000.000000,-0.206003016,0.206003016,0.204268842,1.023796032205,-17.407564893541,-0.001734174
4485000000.000000,-0.222550535,0.222550535,0.206858720,1.024101343743,-17.424058254972,-0.015691815
4486000000.000000,-0.192426593,0.192426593,0.209520930,1.024415277135,-17.440551616404,0.017094337
4487000000.000000,-0.208508733,0.208508733,0.212256117,1.024737916328,-17.457044977835,0.003747384
4488000000.000000,-0.220949024,0.220949024,0.215064890,1.025069341405,-17.473538339266,-0.005884134
4489000000.000000,-0.203739874,0.203739874,0.217947821,1.025409628396,-17.490031700698,0.014207947
4490000000.000000,-0.207448015,0.207448015,0.220905445,1.025758849097,-17.506525062129,0.013457430
4491000000.000000,-0.212629294,0.212629294,0.223938255,1.026117070880,-17.523018423560,0.011308961
4492000000.000000,-0.211240943,0.211240943,0.227046703,1.026484356500,-17.539511784992,0.015805760
4493000000.000000,-0.205490111,0.205490111,0.230231198,1.026860763905,-17.556005146423,0.024741087
4494000000.000000,-0.215514485,0.215514485,0.233492103,1.027246346034,-17.572498507855,0.017977618
4495000000.000000,-0.215204028,0.215204028,0.236829735,1.027641150628,-17.588991869286,0.021625707
4496000000.000000,-0.218497099,0.218497099,0.240244363,1.028045220024,-17.605485230717,0.021747264
4497000000.000000,-0.223661854,0.223661854,0.243736206,1.028458590953,-17.621978592149,0.020074352
4498000000.000000,-0.219127602,0.219127602,0.247305431,1.028881294339,-17.638471953580,0.028177829
4499000000.000000,-0.244150903,0.244150903,0.250952154,1.029313355090,-17.654965315011,0.006801251
4500000000.000000,-0.220341491,0.220341491,0.254676432,1.029754791892,-17.671458676443,0.034334941
