tap,coeff_real_float,coeff_imag_float,coeff_real_int,coeff_imag_int,coeff_real_fixed,coeff_imag_fixed,coeff_abs_fixed,coeff_real_error,coeff_imag_error
0,-6.003517960711287e-01,1.291218217525666e+00,-19672,42311,-6.003417968750000e-01,1.291229248046875e+00,1.423967430837799e+00,9.999196128651633e-06,1.103052120932091e-05
1,6.171982808285755e-01,8.889993055472962e-01,20224,29131,6.171875000000000e-01,8.890075683593750e-01,1.082245289551541e+00,-1.078082857552953e-05,8.262812078774218e-06
2,-1.275188361540310e+00,1.131793249262636e-01,-41785,3709,-1.275177001953125e+00,1.131896972656250e-01,1.280190725586326e+00,1.135958718512242e-05,1.037233936135307e-05
3,2.410578593286366e-01,-5.345941477723095e-01,7899,-17518,2.410583496093750e-01,-5.346069335937500e-01,5.864415583524993e-01,4.902807384243868e-07,-1.278582144048634e-05
4,-1.099379283904240e-01,-1.732549500161150e-01,-3602,-5677,-1.099243164062500e-01,-1.732482910156250e-01,2.051787651712917e-01,1.361198417400289e-05,6.659000489961375e-06
5,7.246741596360167e-01,-5.671077635013255e-02,23746,-1858,7.246704101562500e-01,-5.670166015625000e-02,7.268853290722701e-01,-3.749479766668173e-06,9.116193882552359e-06
6,-3.741481578351858e-01,8.001923345067375e-01,-12260,26221,-3.741455078125000e-01,8.002014160156250e-01,8.833499687041851e-01,2.650022685846132e-06,9.081508887454071e-06
7,-4.236976403681598e-01,-5.951455021383285e-01,-13884,-19502,-4.237060546875000e-01,-5.951538085937500e-01,7.305716095376912e-01,-8.414319340233067e-06,-8.306455421491776e-06
8,3.884547982263830e-01,-4.511860808530452e-02,12729,-1478,3.884582519531250e-01,-4.510498046875000e-02,3.910681178178091e-01,3.453726741986518e-06,1.362761655451794e-05
9,1.396520831735432e-02,2.494832555870620e-03,458,82,1.397705078125000e-02,2.502441406250000e-03,1.419930144525975e-02,1.184246389568377e-05,7.608850379379854e-06
10,1.874052287112602e-01,2.901868465634212e-01,6141,9509,1.874084472656250e-01,2.901916503906250e-01,3.454462621927574e-01,3.218554364803339e-06,4.803827203803124e-06
11,-5.637991111263281e-01,4.031506143586314e-02,-18475,1321,-5.638122558593750e-01,4.031372070312500e-02,5.652516748618857e-01,-1.314473304692143e-05,-1.340732738136508e-06
12,2.715643728660028e-01,-5.758167260563601e-01,8899,-18868,2.715759277343750e-01,-5.758056640625000e-01,6.366361969690720e-01,1.155486837223219e-05,1.106199386013973e-05
13,3.295745405770075e-01,4.631007794423716e-01,10799,15175,3.295593261718750e-01,4.631042480468750e-01,5.683967751719936e-01,-1.521440513252426e-05,3.468604503398254e-06
14,-3.919936472123370e-01,4.526356417394281e-02,-12845,1483,-3.919982910156250e-01,4.525756835937500e-02,3.946022144552335e-01,-4.643803287962545e-06,-5.995814567810731e-06
15,5.434299628584262e-02,-1.536588019491317e-01,1781,-5035,5.435180664062500e-02,-1.536560058593750e-01,1.629855423703470e-01,8.810354782375074e-06,2.796089756729181e-06
16,-3.050090207364499e-02,-7.448971492956634e-02,-999,-2441,-3.048706054687500e-02,-7.449340820312500e-02,8.049055054170168e-02,1.384152676998929e-05,-3.693273558660892e-06
17,2.848543324100990e-01,-8.146530163173682e-03,9334,-267,2.848510742187500e-01,-8.148193359375000e-03,2.849675903301945e-01,-3.258191348998185e-06,-1.663196201318051e-06
18,-1.910516829910143e-01,3.795020369260436e-01,-6260,12436,-1.910400390625000e-01,3.795166015625000e-01,4.248872172548274e-01,1.164392851427110e-05,1.456463645638228e-05
19,-2.717954843856850e-01,-3.995995369805140e-01,-8906,-13094,-2.717895507812500e-01,-3.995971679687500e-01,4.832674793140120e-01,5.933604435015560e-06,2.369011763980744e-06
20,4.574344015613783e-01,-4.093497802488269e-02,14989,-1341,4.574279785156250e-01,-4.092407226562500e-02,4.592549784375703e-01,-6.423045753267687e-06,1.090575925769000e-05
21,-1.465014704799287e-01,3.342014257138345e-01,-4801,10951,-1.465148925781250e-01,3.341979980468750e-01,3.649039814056824e-01,-1.342209819632512e-05,-3.427666959487929e-06
22,-1.390271477576439e-01,-1.725200178428886e-01,-4556,-5653,-1.390380859375000e-01,-1.725158691406250e-01,2.215701118077727e-01,-1.093817985606260e-05,4.148702263617743e-06
23,5.219518616966727e-02,-2.396624846084943e-02,1710,-785,5.218505859375000e-02,-2.395629882812500e-02,5.742111627246151e-02,-1.012757591727087e-05,9.949632724434027e-06
24,6.533368120918068e-02,-9.045418818136068e-02,2141,-2964,6.533813476562500e-02,-9.045410156250000e-02,1.115841222761108e-01,4.453556444322659e-06,8.661886068128677e-08
25,1.254069362813469e-01,2.133558923437559e-01,4109,6991,1.253967285156250e-01,2.133483886718750e-01,2.474709568238398e-01,-1.020776572194237e-05,-7.503671880931817e-06
26,-3.401109841888466e-01,1.421046824690389e-02,-11145,466,-3.401184082031250e-01,1.422119140625000e-02,3.404155899538691e-01,-7.424014278389901e-06,1.072315934610990e-05
27,1.688691513251331e-01,-3.407034032587593e-01,5534,-11164,1.688842773437500e-01,-3.406982421875000e-01,3.802593738010584e-01,1.512601861691776e-05,5.161071259307537e-06
28,2.086734399905885e-01,3.001746865526579e-01,6838,9836,2.086791992187500e-01,3.001708984375000e-01,3.655811489332494e-01,5.759228161483776e-06,-3.788115157887795e-06
29,-3.005991386284026e-01,3.325623863429954e-02,-9850,1090,-3.005981445312500e-01,3.326416015625000e-02,3.024330485355906e-01,9.940971525956854e-07,7.921521950463029e-06
30,7.250643423529096e-02,-1.894641776578088e-01,2376,-6208,7.250976562500000e-02,-1.894531250000000e-01,2.028550040872989e-01,3.331389709038124e-06,1.105265780881881e-05
31,6.302515602630927e-02,5.503724176496413e-02,2065,1803,6.301879882812500e-02,5.502319335937500e-02,8.365955303014030e-02,-6.357198184273050e-06,-1.404840558913434e-05
32,4.579488053377741e-02,1.936223090657300e-02,1501,634,4.580688476562500e-02,1.934814453125000e-02,4.972546016613005e-02,1.200423184758576e-05,-1.408637532299833e-05
33,-8.768764521850497e-02,1.322356975890016e-01,-2873,4333,-8.767700195312500e-02,1.322326660156250e-01,1.586591775885912e-01,1.064326537997262e-05,-3.031573376638397e-06
34,-1.229399813931313e-01,-2.120443344478292e-01,-4028,-6948,-1.229248046875000e-01,-2.120361328125000e-01,2.450914711399402e-01,1.517670563126738e-05,8.201635329219137e-06
35,2.967956714839937e-01,-1.032528444425282e-02,9725,-338,2.967834472656250e-01,-1.031494140625000e-02,2.969626451038622e-01,-1.222421836866161e-05,1.034303800281910e-05
36,-1.383062663786506e-01,2.771481499356079e-01,-4532,9082,-1.383056640625000e-01,2.771606445312500e-01,3.097522874633003e-01,6.023161506218955e-07,1.249459564206523e-05
37,-1.632084724129802e-01,-2.326001113348266e-01,-5348,-7622,-1.632080078125000e-01,-2.326049804687500e-01,2.841512462633107e-01,4.646004802266734e-07,-4.869133923446345e-06
38,2.237990750680991e-01,-2.850364304267952e-02,7333,-934,2.237854003906250e-01,-2.850341796875000e-02,2.255933293869604e-01,-1.367467747406814e-05,2.250739295217574e-07
39,-4.516241961953724e-02,1.360715771786815e-01,-1480,4459,-4.516601562500000e-02,1.360778808593750e-01,1.433776782718147e-01,-3.596005462756791e-06,6.303680693459102e-06
40,-4.490915830023775e-02,-2.507037023873806e-02,-1472,-822,-4.492187500000000e-02,-2.508544921875000e-02,5.145147826857951e-02,-1.271669976225104e-05,-1.507898001194136e-05
41,-5.291658308955947e-02,-2.114773812200280e-02,-1734,-693,-5.291748046875000e-02,-2.114868164062500e-02,5.698707287005577e-02,-8.973791905328432e-07,-9.435186222039871e-07
42,8.173265796925852e-02,-1.137967935551206e-01,2678,-3729,8.172607421875000e-02,-1.138000488281250e-01,1.401056826845088e-01,-6.583750508520891e-06,-3.255273004390546e-06
43,9.829620846966144e-02,1.809265137376426e-01,3221,5929,9.829711914062500e-02,1.809387207031250e-01,2.059153813609603e-01,9.106709635553489e-07,1.220696548237532e-05
44,-2.455289007924736e-01,3.624510042979548e-03,-8045,119,-2.455139160156250e-01,3.631591796875000e-03,2.455407734293970e-01,1.498477684863664e-05,7.081753895452070e-06
45,1.171539000360693e-01,-2.271352239662421e-01,3839,-7443,1.171569824218750e-01,-2.271423339843750e-01,2.555765999031775e-01,3.082385805694421e-06,-7.110018132860940e-06
46,1.344308154908758e-01,1.942516004834979e-01,4405,6365,1.344299316406250e-01,1.942443847656250e-01,2.362250781222842e-01,-8.838502508490276e-07,-7.215717872932625e-06
47,-1.896645997037440e-01,2.449780253894958e-02,-6215,803,-1.896667480468750e-01,2.450561523437500e-02,1.912433018243828e-01,-2.148343131003205e-06,7.812695425421512e-06
48,3.856381823057821e-02,-1.212674120100150e-01,1264,-3974,3.857421875000000e-02,-1.212768554687500e-01,1.272636869832119e-01,1.040051942179099e-05,-9.443458734978427e-06
49,4.739143763423392e-02,2.754254716475549e-02,1553,903,4.739379882812500e-02,2.755737304687500e-02,5.482317919097191e-02,2.361193891076141e-06,1.482588211950547e-05
50,3.157283306757697e-02,2.462055081817600e-02,1035,807,3.158569335937500e-02,2.462768554687500e-02,4.005220244116697e-02,1.286029179803361e-05,7.134728698995896e-06
51,-6.905662440509450e-02,8.048830454736559e-02,-2263,2637,-6.906127929687500e-02,8.047485351562500e-02,1.060455673118036e-01,-4.654891780503378e-06,-1.345103174059392e-05
52,-7.046991179245422e-02,-1.472420541950992e-01,-2309,-4825,-7.046508789062500e-02,-1.472473144531250e-01,1.632393954445157e-01,4.823901829223431e-06,-5.260258025774345e-06
53,2.013528916017283e-01,4.394529307457790e-03,6598,144,2.013549804687500e-01,4.394531250000000e-03,2.014029296323118e-01,2.088867021687868e-06,1.942542210420228e-09
54,-1.046777505363847e-01,1.897873787109273e-01,-3430,6219,-1.046752929687500e-01,1.897888183593750e-01,2.167411186931116e-01,2.457567634672753e-06,1.439648447704167e-06
55,-1.148620073593072e-01,-1.739865875843858e-01,-3764,-5701,-1.148681640625000e-01,-1.739807128906250e-01,2.084801754916268e-01,-6.156703192761181e-06,5.874693760787864e-06
56,1.774902997426973e-01,-1.953323347013959e-02,5816,-640,1.774902343750000e-01,-1.953125000000000e-02,1.785616224866221e-01,-6.536769733833658e-08,1.983470139590993e-06
57,-4.310236197307910e-02,1.240954810779409e-01,-1412,4066,-4.309082031250000e-02,1.240844726562500e-01,1.313536263282587e-01,1.154166057909523e-05,-1.100842169086957e-05
58,-5.813990488536884e-02,-4.562536871543210e-02,-1905,-1495,-5.813598632812500e-02,-4.562377929687500e-02,7.390075874897291e-02,3.918557243839937e-06,1.589418557101929e-06
59,3.064818915840659e-03,-2.770927624664849e-02,100,-908,3.051757812500000e-03,-2.770996093750000e-02,2.787750277381263e-02,-1.306110334065892e-05,-6.846908515087402e-07
60,5.203340301180326e-02,-3.970930960620394e-02,1705,-1301,5.203247070312500e-02,-3.970336914062500e-02,6.545025231875196e-02,-9.323086782586643e-07,5.940465578939402e-06
61,4.006270344543329e-02,1.099146267856312e-01,1313,3602,4.006958007812500e-02,1.099243164062500e-01,1.169996862603427e-01,6.876632691707463e-06,9.689620618799633e-06
62,-1.559491180659534e-01,-1.333694900649549e-02,-5110,-437,-1.559448242187500e-01,-1.333618164062500e-02,1.565140311325748e-01,4.293847203351575e-06,7.673658704854258e-07
63,9.383493778437679e-02,-1.523461706046234e-01,3075,-4992,9.384155273437500e-02,-1.523437500000000e-01,1.789269548828823e-01,6.614949998207109e-06,2.420604623354361e-06
64,9.428947391750647e-02,1.559396562378243e-01,3090,5110,9.429931640625000e-02,1.559448242187500e-01,1.822392638135451e-01,9.842488743527777e-06,5.167980925729898e-06
65,-1.663179751134589e-01,1.214641845566762e-02,-5450,398,-1.663208007812500e-01,1.214599609375000e-02,1.667637070636943e-01,-2.825667791112041e-06,-4.223619176207949e-07
66,4.992082092038100e-02,-1.253824679022058e-01,1636,-4109,4.992675781250000e-02,-1.253967285156250e-01,1.349704436833835e-01,5.936892119001724e-06,-1.426061341924800e-05
67,6.547591052024682e-02,6.361727176478181e-02,2146,2085,6.549072265625000e-02,6.362915039062500e-02,9.131102635208209e-02,1.481213600318387e-05,1.187862584318966e-05
68,-3.430984934965049e-02,2.789854110515866e-02,-1124,914,-3.430175781250000e-02,2.789306640625000e-02,4.421124000263821e-02,8.091537150485550e-06,-5.474698908661951e-06
69,-3.501281936617199e-02,4.369429921706762e-03,-1147,143,-3.500366210937500e-02,4.364013671875000e-03,3.527465062046125e-02,9.157256796989144e-06,-5.416249831762324e-06
70,-1.450087151101150e-02,-7.619913923662901e-02,-475,-2497,-1.449584960937500e-02,-7.620239257812500e-02,7.756890027922464e-02,5.021901636502457e-06,-3.253341495992879e-06
71,1.163960842969466e-01,2.031262162226297e-02,3814,666,1.163940429687500e-01,2.032470703125000e-02,1.181552663003955e-01,-2.041328196644709e-06,1.208540898702676e-05
72,-8.452397297318430e-02,1.205813873651165e-01,-2770,3951,-8.453369140625000e-02,1.205749511718750e-01,1.472557769083004e-01,-9.718433065700194e-06,-6.436193241490806e-06
73,-7.727715922416017e-02,-1.418622960075646e-01,-2532,-4649,-7.727050781250000e-02,-1.418762207031250e-01,1.615536857475046e-01,6.651411660174578e-06,-1.392469556038556e-05
74,1.598429599472724e-01,-5.561961286906378e-03,5238,-182,1.598510742187500e-01,-5.554199218750000e-03,1.599475384551131e-01,8.114271477566160e-06,7.762068156377810e-06
75,-5.832976623499794e-02,1.308055036698344e-01,-1911,4286,-5.831909179687500e-02,1.307983398437500e-01,1.432107613759994e-01,1.067443812294289e-05,-7.163826084372049e-06
76,-7.576010164546493e-02,-8.508602988557469e-02,-2483,-2788,-7.577514648437500e-02,-8.508300781250000e-02,1.139341522246531e-01,-1.504483891007213e-05,3.022073074690490e-06
77,7.073598182713571e-02,-2.929231541115394e-02,2318,-960,7.073974609375000e-02,-2.929687500000000e-02,7.656643234586448e-02,3.764266614289524e-06,-4.559588846056450e-06
78,1.634153454106830e-02,3.755553236909335e-02,535,1231,1.632690429687500e-02,3.756713867187500e-02,4.096166148865548e-02,-1.463024419329911e-05,1.160630278165126e-05
79,-1.769701733585625e-02,3.652264616938642e-02,-580,1197,-1.770019531250000e-02,3.652954101562500e-02,4.059192383852823e-02,-3.177976643745084e-06,6.894846238579555e-06
80,-6.595471505795018e-02,-3.115526436549436e-02,-2161,-1021,-6.594848632812500e-02,-3.115844726562500e-02,7.293868442037890e-02,6.228729825183410e-06,-3.182900130644511e-06
81,7.286882530168109e-02,-7.456175123865016e-02,2388,-2443,7.287597656250000e-02,-7.455444335937500e-02,1.042558055197134e-01,7.151260818905048e-06,7.307879275164630e-06
82,4.670189144067988e-02,1.170488496284454e-01,1530,3835,4.669189453125000e-02,1.170349121093750e-01,1.260051731770030e-01,-9.996909429883793e-06,-1.393751907044494e-05
83,-1.350958516114644e-01,-8.649316034460279e-03,-4427,-283,-1.351013183593750e-01,-8.636474609375000e-03,1.353770841616836e-01,-5.466747910576331e-06,1.284142508527902e-05
84,6.442329743322436e-02,-1.146787660989562e-01,2111,-3758,6.442260742187500e-02,-1.146850585937500e-01,1.315406211467959e-01,-6.900113493635285e-07,-6.292494793821990e-06
85,6.734651184663629e-02,9.366509551109906e-02,2207,3069,6.735229492187500e-02,9.365844726562500e-02,1.153613296362827e-01,5.783075238713353e-06,-6.648245474055736e-06
86,-8.693462243715781e-02,2.015989229171924e-02,-2849,661,-8.694458007812500e-02,2.017211914062500e-02,8.925398812145628e-02,-9.957640967186987e-06,1.222684890575532e-05
87,2.459872064580718e-03,-5.751281762000729e-02,81,-1885,2.471923828125000e-03,-5.752563476562500e-02,5.757872057105937e-02,1.205176354428239e-05,-1.281714561771063e-05
88,3.154737028973625e-02,-5.665897850435671e-03,1034,-186,3.155517578125000e-02,-5.676269531250000e-03,3.206164615825245e-02,7.805491513745988e-06,-1.037168081432886e-05
89,2.950631032641156e-02,3.027719610994899e-02,967,992,2.951049804687500e-02,3.027343750000000e-02,4.227706840641886e-02,4.187720463441624e-06,-3.758609948986691e-06
90,-5.631747954401052e-02,4.382815928793730e-02,-1845,1436,-5.630493164062500e-02,4.382324218750000e-02,7.134929490106916e-02,1.254790338552081e-05,-4.917100437304422e-06
91,-3.032020760182459e-02,-9.274390072480466e-02,-994,-3039,-3.033447265625000e-02,-9.274291992187500e-02,9.757781216530784e-02,-1.426505442541151e-05,9.808029296648479e-07
92,1.149258846507918e-01,1.061152116550734e-02,3766,348,1.149291992187500e-01,1.062011718750000e-02,1.154188360803355e-01,3.314567958198622e-06,8.596021992657299e-06
93,-6.074861528249473e-02,1.067569159696065e-01,-1991,3498,-6.076049804687500e-02,1.067504882812500e-01,1.228312047941792e-01,-1.188276438027214e-05,-6.427688356458461e-06
94,-7.053695455383659e-02,-9.636940528704671e-02,-2311,-3158,-7.052612304687500e-02,-9.637451171875000e-02,1.194235342847064e-01,1.083150696158663e-05,-5.106431703288949e-06
95,1.033386299544653e-01,-2.451402455263050e-02,3386,-803,1.033325195312500e-01,-2.450561523437500e-02,1.061985629408016e-01,-6.110423215327510e-06,8.409318255495762e-06
96,-9.529883417451035e-03,8.508855106133321e-02,-312,2788,-9.521484375000000e-03,8.508300781250000e-02,8.561411614404078e-02,8.399042451034955e-06,-5.543248833214665e-06
97,-5.887287741749626e-02,-1.996847474171543e-02,-1929,-654,-5.886840820312500e-02,-1.995849609375000e-02,6.215972209312063e-02,4.469214371263797e-06,9.978647965432075e-06
98,1.140852193535804e-02,-4.360974917886896e-02,374,-1429,1.141357421875000e-02,-4.360961914062500e-02,4.507847111468268e-02,5.052283391961121e-06,1.300382439645142e-07
99,4.784594770674787e-02,-1.023307286982730e-04,1568,-3,4.785156250000000e-02,-9.155273437500000e-05,4.785165008225503e-02,5.614793252131656e-06,1.077799432327303e-05
100,-1.362863575054173e-03,6.559045976160263e-02,-45,2149,-1.373291015625000e-03,6.558227539062500e-02,6.559665215257082e-02,-1.042744057082670e-05,-8.184370977631916e-06
101,-8.192591946354069e-02,-2.146410249080738e-02,-2685,-703,-8.193969726562500e-02,-2.145385742187500e-02,8.470172363216946e-02,-1.377780208430823e-05,1.024506893238311e-05
102,5.334947097026559e-02,-8.365095268320315e-02,1748,-2741,5.334472656250000e-02,-8.364868164062500e-02,9.921069394093827e-02,-4.744407765586156e-06,2.271042578147475e-06
103,6.729511375554977e-02,8.387461051898351e-02,2205,2748,6.729125976562500e-02,8.386230468750000e-02,1.075220897692372e-01,-3.853989924765266e-06,-1.230583148351116e-05
104,-1.030124832234997e-01,3.939138336154242e-02,-3376,1291,-1.030273437500000e-01,3.939819335937500e-02,1.103034505360706e-01,-1.486052650025160e-05,6.809997832576964e-06
105,-9.793201134588148e-03,-1.094623683746665e-01,-321,-3587,-9.796142578125000e-03,-1.094665527343750e-01,1.099040061915791e-01,-2.941443536852439e-06,-4.184359708475638e-06
106,1.088110752989924e-01,1.624796897040887e-02,3566,532,1.088256835937500e-01,1.623535156250000e-02,1.100300688448615e-01,1.460829475763425e-05,-1.261740790886590e-05
107,-4.102303374179343e-02,1.063871577621146e-01,-1344,3486,-4.101562500000000e-02,1.063842773437500e-01,1.140170862638251e-01,7.408741793432649e-06,-2.880418364589743e-06
108,-1.009127823488982e-01,-7.019989655955201e-02,-3307,-2300,-1.009216308593750e-01,-7.019042968750000e-02,1.229303542459381e-01,-8.848510476833216e-06,9.466872052013575e-06
109,1.050383230951257e-01,-8.436577871575671e-02,3442,-2764,1.050415039062500e-01,-8.435058593750000e-02,1.347172553568633e-01,3.180811124325889e-06,1.519277825670629e-05
110,4.865256230359558e-02,1.374631106797199e-01,1594,4504,4.864501953125000e-02,1.374511718750000e-01,1.458052213571465e-01,-7.542772345575655e-06,-1.193880471989095e-05
111,-1.526057174974516e-01,-5.707226707713439e-03,-5001,-187,-1.526184082031250e-01,-5.706787109375000e-03,1.527250665135472e-01,-1.269070567344599e-05,4.395983384392066e-07
112,6.571356353178873e-02,-1.379655831935765e-01,2153,-4521,6.570434570312500e-02,-1.379699707031250e-01,1.528161439773198e-01,-9.217828663726779e-06,-4.387509548453572e-06
113,9.316974228675860e-02,1.107028355972007e-01,3053,3628,9.317016601562500e-02,1.107177734375000e-01,1.447035078715672e-01,4.237288663971883e-07,1.493784029929501e-05
114,-1.236862181041848e-01,3.318812436188986e-02,-4053,1088,-1.236877441406250e-01,3.320312500000000e-02,1.280668011639330e-01,-1.526036440227529e-06,1.500063811013530e-05
115,1.818914173741473e-02,-1.021193639508857e-01,596,-3346,1.818847656250000e-02,-1.021118164062500e-01,1.037190615530642e-01,-6.651749147289221e-07,7.547544635666537e-06
116,6.073474921970543e-02,4.131010745311989e-02,1990,1354,6.072998046875000e-02,4.132080078125000e-02,7.345433346602845e-02,-4.768750955425061e-06,1.069332813011248e-05
117,-3.211365842890563e-02,2.385975946657438e-02,-1052,782,-3.210449218750000e-02,2.386474609375000e-02,4.000280646075228e-02,9.166241405629549e-06,4.986627175615488e-06
118,-1.147472685228672e-02,-4.608448529683465e-03,-376,-151,-1.147460937500000e-02,-4.608154296875000e-03,1.236534456991173e-02,1.174772867231638e-07,2.942328084648560e-07
119,-1.758514735394951e-02,-2.756831238518368e-02,-576,-903,-1.757812500000000e-02,-2.755737304687500e-02,3.268637770938006e-02,7.022353949510951e-06,1.093933830868463e-05
120,5.816929538806258e-02,-1.560456697620631e-02,1906,-511,5.816650390625000e-02,-1.559448242187500e-02,6.022067799918866e-02,-2.791481812584873e-06,1.008455433130530e-05
121,-1.331063286140509e-02,8.039837146824476e-02,-436,2634,-1.330566406250000e-02,8.038330078125000e-02,8.147708721249804e-02,4.968798905092414e-06,-1.507068699475866e-05
122,-7.686087439675052e-02,-5.460558645800248e-02,-2519,-1789,-7.687377929687500e-02,-5.459594726562500e-02,9.428836302118918e-02,-1.290490012448298e-05,9.639192377480787e-06
123,8.598973437699856e-02,-4.628924833840786e-02,2818,-1517,8.599853515625000e-02,-4.629516601562500e-02,9.766775540287105e-02,8.800779251444402e-06,-5.917677217137651e-06
124,3.783334221252001e-03,9.158863706410200e-02,124,3001,3.784179687500000e-03,9.158325195312500e-02,9.166139893224880e-02,8.454662479987288e-07,-5.385110977002006e-06
125,-7.159409614995027e-02,-2.927998607856519e-02,-2346,-959,-7.159423828125000e-02,-2.926635742187500e-02,7.734503624549763e-02,-1.421312997296198e-07,1.362865669018998e-05
126,3.897226532743298e-02,-4.137007965428937e-02,1277,-1356,3.897094726562500e-02,-4.138183593750000e-02,5.684356671021173e-02,-1.318061807982496e-06,-1.175628321063021e-05
127,2.087249296077852e-02,2.727067659005834e-02,684,894,2.087402343750000e-02,2.728271484375000e-02,3.435216708905969e-02,1.530476721484791e-06,1.203825369166384e-05
128,-9.930374847391831e-03,2.148033600534364e-02,-325,704,-9.918212890625000e-03,2.148437500000000e-02,2.366324821499333e-02,1.216195676683081e-05,4.038994656355155e-06
129,-3.886007835464889e-02,-5.442481019180477e-03,-1273,-178,-3.884887695312500e-02,-5.432128906250000e-03,3.922681818568979e-02,1.120140152389287e-05,1.035211293047740e-05
130,2.251489762443262e-02,-5.636417901139698e-02,738,-1847,2.252197265625000e-02,-5.636596679687500e-02,6.069894122038116e-02,7.075031817384281e-06,-1.787785478019055e-06
131,5.647999648397854e-02,5.431533396552453e-02,1851,1780,5.648803710937500e-02,5.432128906250000e-02,7.836900396127164e-02,8.040625396464607e-06,5.955096975471252e-06
132,-8.310351486312083e-02,3.262531118468494e-02,-2723,1069,-8.309936523437500e-02,3.262329101562500e-02,8.927364459372213e-02,4.149628745828138e-06,-2.020169059938071e-06
133,6.474609627918793e-03,-9.198086351765837e-02,212,-3014,6.469726562500000e-03,-9.197998046875000e-02,9.220723490499620e-02,-4.883065418792576e-06,8.830489083705428e-07
134,7.587266929530975e-02,4.254937365202843e-02,2486,1394,7.586669921875000e-02,4.254150390625000e-02,8.698008740484092e-02,-5.970076559752568e-06,-7.869745778432691e-06
135,-5.966695954146381e-02,4.453542228438161e-02,-1955,1459,-5.966186523437500e-02,4.452514648437500e-02,7.444479050074475e-02,5.094307088809868e-06,-1.027580000660666e-05
136,-1.579940559277791e-02,-5.427106626621898e-02,-518,-1778,-1.580810546875000e-02,-5.426025390625000e-02,5.651611586513923e-02,-8.699875972087434e-06,1.081235996898411e-05
137,3.680642584767875e-02,-3.748605647478457e-03,1206,-123,3.680419921875000e-02,-3.753662109375000e-03,3.699512210230959e-02,-2.226628928750363e-06,-5.056461896543393e-06
138,9.784979772838971e-03,2.408319680354153e-02,321,789,9.796142578125000e-03,2.407836914062500e-02,2.599485083402395e-02,1.116280528602916e-05,-4.827662916529613e-06
139,-2.770097161838586e-02,2.242358948289384e-02,-908,735,-2.770996093750000e-02,2.243041992187500e-02,3.565060550719192e-02,-8.989319114135336e-06,6.830438981156317e-06
140,-2.571945385206041e-02,-4.635431346328916e-02,-843,-1519,-2.572631835937500e-02,-4.635620117187500e-02,5.301642050737922e-02,-6.864507314591900e-06,-1.887708585841807e-06
141,6.707357880972367e-02,-1.046124561502762e-02,2198,-343,6.707763671875000e-02,-1.046752929687500e-02,6.788945807232176e-02,4.057909026328188e-06,-6.283681847379929e-06
142,-1.946337960920896e-02,7.436160933995380e-02,-638,2437,-1.947021484375000e-02,7.437133789062500e-02,7.687772867159445e-02,-6.835234541043012e-06,9.728550671203595e-06
143,-6.089528156090266e-02,-4.973386930482171e-02,-1995,-1630,-6.088256835937500e-02,-4.974365234375000e-02,7.862008699136522e-02,1.271320152766015e-05,-9.783038928290466e-06
144,6.533294256352475e-02,-3.251652564919033e-02,2141,-1066,6.533813476562500e-02,-3.253173828125000e-02,7.298894334247291e-02,5.192202100254284e-06,-1.521263205966905e-05
145,4.209129673216645e-03,6.064040529426321e-02,138,1987,4.211425781250000e-03,6.063842773437500e-02,6.078449658595517e-02,2.296108033355421e-06,-1.977559888212410e-06
146,-4.302020950355569e-02,-1.009134777604761e-02,-1410,-331,-4.302978515625000e-02,-1.010131835937500e-02,4.419953668524682e-02,-9.575652694313042e-06,-9.970583327387900e-06
147,6.853190882300899e-03,-2.752853858192609e-02,225,-902,6.866455078125000e-03,-2.752685546875000e-02,2.837033622178913e-02,1.326419582410067e-05,1.683113176088880e-06
148,2.642728147644978e-02,-4.898244609224674e-03,866,-161,2.642822265625000e-02,-4.913330078125000e-03,2.688106704029685e-02,9.411798002172123e-07,-1.508546890032630e-05
149,1.004904180172777e-02,4.069400972798023e-02,329,1333,1.004028320312500e-02,4.067993164062500e-02,4.190064587908970e-02,-8.758598602772588e-06,-1.407808735522792e-05
150,-5.931553229368879e-02,-1.971658903420562e-03,-1944,-65,-5.932617187500000e-02,-1.983642578125000e-03,5.935932536021439e-02,-1.063958131121423e-05,-1.198367470443829e-05
151,2.966915258430483e-02,-6.682436876524436e-02,972,-2190,2.966308593750000e-02,-6.683349609375000e-02,7.312055024033125e-02,-6.066646804830933e-06,-9.127328505637022e-06
152,5.392293605220109e-02,6.019961404813597e-02,1767,1973,5.392456054687500e-02,6.021118164062500e-02,8.082848894253761e-02,1.624494673911625e-06,1.156759248903405e-05
153,-7.782783262252503e-02,2.395072637019989e-02,-2550,785,-7.781982421875000e-02,2.395629882812500e-02,8.142376369942360e-02,8.008403775031092e-06,5.572457925113322e-06
154,9.198219355094243e-03,-7.436108778535537e-02,301,-2437,9.185791015625000e-03,-7.437133789062500e-02,7.493647080176816e-02,-1.242833946924274e-05,-1.025010526962966e-05
155,5.446352226127502e-02,3.026969183987506e-02,1785,992,5.447387695312500e-02,3.027343750000000e-02,6.232081745589197e-02,1.035469184998417e-05,3.745660124940264e-06
156,-3.267940119431226e-02,3.226329929961302e-02,-1071,1057,-3.268432617187500e-02,3.225708007812500e-02,4.592150250673514e-02,-4.924977562742461e-06,-6.219221488024118e-06
157,-2.160902875518285e-02,-2.254972042259579e-02,-708,-739,-2.160644531250000e-02,-2.255249023437500e-02,3.123224767469727e-02,2.583442682849157e-06,-2.769811779209513e-06
158,1.403950043759109e-02,-2.666125632106301e-02,460,-874,1.403808593750000e-02,-2.667236328125000e-02,3.014104875075863e-02,-1.414500091088261e-06,-1.110696018698926e-05
159,3.925745903212369e-02,1.921185612494926e-02,1286,630,3.924560546875000e-02,1.922607421875000e-02,4.370193906995047e-02,-1.185356337368715e-05,1.421809380074135e-05
160,-3.942537958567258e-02,4.483570410241118e-02,-1292,1469,-3.942871093750000e-02,4.483032226562500e-02,5.970243747647767e-02,-3.331351827423612e-06,-5.381836786180760e-06
161,-3.282235895918587e-02,-6.418569523526657e-02,-1076,-2103,-3.283691406250000e-02,-6.417846679687500e-02,7.209118202350130e-02,-1.455510331413445e-05,7.228438391571057e-06
162,7.826755095985619e-02,-4.308595746450292e-03,2565,-141,7.827758789062500e-02,-4.302978515625000e-03,7.839576767964232e-02,1.003693076881418e-05,5.617230825292335e-06
163,-2.831356309730770e-02,7.221629783723599e-02,-928,2366,-2.832031250000000e-02,7.220458984375000e-02,7.755993098631420e-02,-6.749402692296513e-06,-1.170799348598761e-05
164,-4.897734406878395e-02,-4.956052318905669e-02,-1605,-1624,-4.898071289062500e-02,-4.956054687500000e-02,6.968039926566803e-02,-3.368821841050196e-06,-2.368594331086937e-08
165,5.129138031292701e-02,-2.203365524719545e-02,1681,-722,5.130004882812500e-02,-2.203369140625000e-02,5.583169858381405e-02,8.668515197991777e-06,-3.615905455264801e-08
166,6.263169139675973e-03,3.816513584549013e-02,205,1251,6.256103515625000e-03,3.817749023437500e-02,3.868668494190235e-02,-7.065624050972899e-06,1.235438888487483e-05
167,-2.429573117906021e-02,7.781551272564280e-03,-796,255,-2.429199218750000e-02,7.781982421875000e-03,2.550804059217275e-02,3.738991560212068e-06,4.311493107204273e-07
168,-1.979991802866711e-02,-2.333934403343869e-02,-649,-765,-1.980590820312500e-02,-2.334594726562500e-02,3.061547408550058e-02,-5.990174457886493e-06,-6.603232186309232e-06
169,3.882437083185850e-02,-2.743566907952001e-02,1272,-899,3.881835937500000e-02,-2.743530273437500e-02,4.753483838926409e-02,-6.011456858502628e-06,3.663451450149069e-07
170,1.823987710743702e-02,6.144899523116245e-02,598,2014,1.824951171875000e-02,6.146240234375000e-02,6.411451925919588e-02,9.634611312984293e-06,1.340711258755040e-05
171,-7.532170513260172e-02,-8.807636228760837e-03,-2468,-289,-7.531738281250000e-02,-8.819580078125000e-03,7.583200608238667e-02,4.322320101723953e-06,-1.194384936416271e-05
172,4.212216894065494e-02,-6.893558098833141e-02,1380,-2259,4.211425781250000e-02,-6.893920898437500e-02,8.078505583639246e-02,-7.911128154944325e-06,-3.627996043586990e-06
173,4.331042268261710e-02,6.510217061523094e-02,1419,2133,4.330444335937500e-02,6.509399414062500e-02,7.818249732417761e-02,-5.979323242095991e-06,-8.176474605936512e-06
174,-6.734487225448976e-02,1.158745539601078e-02,-2207,380,-6.735229492187500e-02,1.159667968750000e-02,6.834335820705406e-02,-7.422667385237336e-06,9.224291489220299e-06
175,9.781271567722297e-03,-5.174148283627479e-02,321,-1695,9.796142578125000e-03,-5.172729492187500e-02,5.264672306369684e-02,1.487101040270264e-05,1.418791439979084e-05
176,3.244163390498086e-02,1.225079843674574e-02,1063,401,3.244018554687500e-02,1.223754882812500e-02,3.467164893160435e-02,-1.448358105858583e-06,-1.324960862074225e-05
177,-1.018505587231515e-03,2.495580628597957e-02,-33,818,-1.007080078125000e-03,2.496337890625000e-02,2.498368461017637e-02,1.142550910651456e-05,7.572620270429598e-06
178,-3.518202006633658e-02,8.696886796822975e-03,-1153,285,-3.518676757812500e-02,8.697509765625000e-03,3.624576235534481e-02,-4.747511788416592e-06,6.229688020251839e-07
179,-2.505881082980208e-03,-5.503150131997141e-02,-82,-1803,-2.502441406250000e-03,-5.502319335937500e-02,5.508006917619915e-02,3.439676730207508e-06,8.307960596413977e-06
180,6.787035408095166e-02,2.264685477417351e-02,2224,742,6.787109375000000e-02,2.264404296875000e-02,7.154885078596221e-02,7.396690483441049e-07,-2.811805423511005e-06
181,-5.572962861554613e-02,6.017927228106047e-02,-1826,1972,-5.572509765625000e-02,6.018066406250000e-02,8.201828354581726e-02,4.530959296131232e-06,1.391781439527562e-06
182,-3.137887054579500e-02,-7.876673024049864e-02,-1028,-2581,-3.137207031250000e-02,-7.876586914062500e-02,8.478365961180553e-02,6.800233294995683e-06,8.610998736419129e-07
183,7.911932427459044e-02,5.154624511046514e-03,2593,169,7.913208007812500e-02,5.157470703125000e-03,7.929997226698368e-02,1.275580353456152e-05,2.846192078485854e-06
184,-3.085268652681217e-02,5.840489091952110e-02,-1011,1914,-3.085327148437500e-02,5.841064453125000e-02,6.605851766308864e-02,-5.849575628255610e-07,5.753611728900876e-06
185,-3.167794538647058e-02,-3.461196497831670e-02,-1038,-1134,-3.167724609375000e-02,-3.460693359375000e-02,4.691575186274032e-02,6.992927205767829e-07,5.031384566700492e-06
186,2.054975141499459e-02,-1.716663179588505e-02,673,-563,2.053833007812500e-02,-1.718139648437500e-02,2.677729238648500e-02,-1.142133686958535e-05,-1.476468848994952e-05
187,2.351949419195908e-02,5.252071382444718e-03,771,172,2.352905273437500e-02,5.249023437500000e-03,2.410743805601134e-02,9.558542415924465e-06,-3.047944944717905e-06
188,-6.144328126751475e-03,4.348319246510448e-02,-201,1425,-6.134033203125000e-03,4.348754882812500e-02,4.391802894501979e-02,1.029492362647488e-05,4.356363020520393e-06
189,-5.867407183443433e-02,-2.892819483338301e-02,-1923,-948,-5.868530273437500e-02,-2.893066406250000e-02,6.542895444772498e-02,-1.123089994067156e-05,-2.469229116990740e-06
190,6.294292383285748e-02,-5.241998807838028e-02,2063,-1718,6.295776367187500e-02,-5.242919921875000e-02,8.192985376090353e-02,1.483983901752473e-05,-9.211140369724813e-06
191,2.184557777488793e-02,8.799693968145396e-02,716,2883,2.185058593750000e-02,8.798217773437500e-02,9.065490447127075e-02,5.008162612066963e-06,-1.476194707895895e-05
192,-8.822141972426278e-02,-1.938677430007316e-02,-2891,-635,-8.822631835937500e-02,-1.937866210937500e-02,9.032948464592896e-02,-4.898635112215999e-06,8.112190698156274e-06
193,4.994903848021424e-02,-6.336988358598768e-02,1637,-2077,4.995727539062500e-02,-6.338500976562500e-02,8.070556875112846e-02,8.236910410762410e-06,-1.512617963732310e-05
194,2.946223799101119e-02,5.544536540895299e-02,965,1817,2.944946289062500e-02,5.545043945312500e-02,6.278552460632132e-02,-1.277510038618507e-05,5.074044172014014e-06
195,-3.857722200523773e-02,7.944780134323129e-03,-1264,260,-3.857421875000000e-02,7.934570312500000e-03,3.938182014860230e-02,3.003255237728208e-06,-1.020982182312925e-05
196,-1.066658886460824e-02,-1.749530765846020e-02,-350,-573,-1.068115234375000e-02,-1.748657226562500e-02,2.049066189734538e-02,-1.456347914176141e-05,8.735392835201167e-06
197,1.309118946711292e-02,-3.122306860736123e-02,429,-1023,1.309204101562500e-02,-3.121948242187500e-02,3.385347280035786e-02,8.515485120756672e-07,3.586185486226939e-06
198,4.907933112425843e-02,3.389290655815429e-02,1608,1111,4.907226562500000e-02,3.390502929687500e-02,5.964594089451946e-02,-7.065499258433749e-06,1.212273872070596e-05
199,-6.928195521023703e-02,4.401456506443959e-02,-2270,1442,-6.927490234375000e-02,4.400634765625000e-02,8.207052289816874e-02,7.052866487028409e-06,-8.217408189591102e-06
200,-1.094480410922875e-02,-9.622650461897603e-02,-359,-3153,-1.095581054687500e-02,-9.622192382812500e-02,9.684362864909858e-02,-1.100643764624654e-05,4.580790851027583e-06
201,9.526495736034397e-02,3.550166820297024e-02,3122,1163,9.527587890625000e-02,3.549194335937500e-02,1.016718798133658e-01,1.092154590602579e-05,-9.724843595244892e-06
202,-7.038637376275539e-02,6.464809652871643e-02,-2306,2118,-7.037353515625000e-02,6.463623046875000e-02,9.555248159832021e-02,1.283860650538871e-05,-1.186605996643386e-05
203,-2.239155445696840e-02,-7.569188231719376e-02,-734,-2480,-2.239990234375000e-02,-7.568359375000000e-02,7.892884129343707e-02,-8.347886781601838e-06,8.288567193759366e-06
204,5.332488739930753e-02,5.776995173466005e-03,1747,189,5.331420898437500e-02,5.767822265625000e-03,5.362529863149903e-02,-1.067841493253285e-05,-9.172907841005495e-06
205,-4.514184618235871e-03,2.433289647734609e-02,-148,797,-4.516601562500000e-03,2.432250976562500e-02,2.473831382639692e-02,-2.416944264128570e-06,-1.038671172109290e-05
206,-1.427954427613105e-02,1.978967864465148e-02,-468,648,-1.428222656250000e-02,1.977539062500000e-02,2.439360715338997e-02,-2.682286368954970e-06,-1.428801965148302e-05
207,-4.293246698759261e-02,-3.473249349551794e-02,-1407,-1138,-4.293823242187500e-02,-3.472900390625000e-02,5.522495374226478e-02,-5.765434282392623e-06,3.489589267935411e-06
208,7.411036718625044e-02,-3.995661147250872e-02,2428,-1309,7.409667968750000e-02,-3.994750976562500e-02,8.417910356606727e-02,-1.368749875044206e-05,9.101706883715699e-06
209,3.567740663297142e-03,1.049956902471656e-01,117,3440,3.570556640625000e-03,1.049804687500000e-01,1.050411714219412e-01,2.815977327857728e-06,-1.522149716561005e-05
210,-1.033939286122806e-01,-4.944616864296907e-02,-3388,-1620,-1.033935546875000e-01,-4.943847656250000e-02,1.146053668714424e-01,3.739247805972790e-07,7.692080469065554e-06
211,8.908950161575580e-02,-6.647180647612401e-02,2919,-2178,8.908081054687500e-02,-6.646728515625000e-02,1.111453588942448e-01,-8.691068880795072e-06,4.521319874009611e-06
212,1.571269882893817e-02,9.325889364618507e-02,515,3056,1.571655273437500e-02,9.326171875000000e-02,9.457673188504925e-02,3.853905436834726e-06,2.825103814926844e-06
213,-6.412012842789849e-02,-1.759118827157032e-02,-2101,-576,-6.411743164062500e-02,-1.757812500000000e-02,6.648334767974493e-02,2.696787273492873e-06,1.306327157031550e-05
214,1.477436506064876e-02,-2.746734798359221e-02,484,-900,1.477050781250000e-02,-2.746582031250000e-02,3.118556054454787e-02,-3.857248148759693e-06,1.527671092214217e-06
215,1.461455209307325e-02,-1.596358453927210e-02,479,-523,1.461791992187500e-02,-1.596069335937500e-02,2.164318172899602e-02,3.367828801750100e-06,2.891179897102081e-06
216,4.451173149825997e-02,3.926258072684941e-02,1459,1287,4.452514648437500e-02,3.927612304687500e-02,5.937257372767595e-02,1.341498611502623e-05,1.354232002559463e-05
217,-8.624665028462666e-02,4.040643030684025e-02,-2826,1324,-8.624267578125000e-02,4.040527343750000e-02,9.523857016707542e-02,3.974503376663607e-06,-1.156869340254718e-06
218,4.112792489699535e-03,-1.212559550892113e-01,135,-3973,4.119873046875000e-03,-1.212463378906250e-01,1.213163130243001e-01,7.080557175465074e-06,9.617198586275855e-06
219,1.155241282327907e-01,6.671941417926028e-02,3785,2186,1.155090332031250e-01,6.671142578125000e-02,1.333894714034352e-01,-1.509502966574872e-05,-7.988398010277953e-06
220,-1.098179880508436e-01,6.787623967708180e-02,-3599,2224,-1.098327636718750e-01,6.787109375000000e-02,1.291112750406533e-01,-1.477562103140151e-05,-5.145927081798285e-06
221,-7.340180178120215e-03,-1.078227012006261e-01,-241,-3533,-7.354736328125000e-03,-1.078186035156250e-01,1.080691603118845e-01,-1.455615000478527e-05,4.097685001050455e-06
222,6.707441334643911e-02,2.693794446981847e-02,2198,883,6.707763671875000e-02,2.694702148437500e-02,7.228797489660342e-02,3.223372310887096e-06,9.077014556525820e-06
223,-1.474590485578217e-02,2.276494647719727e-02,-483,746,-1.473999023437500e-02,2.276611328125000e-02,2.712126888705943e-02,5.914621407166268e-06,1.166804052731008e-06
224,-1.362554226948922e-02,2.872663272957130e-02,-446,941,-1.361083984375000e-02,2.871704101562500e-02,3.177929209320593e-02,1.470242573922004e-05,-9.591713946301150e-06
225,-6.253286858220908e-02,-5.220974010804720e-02,-2049,-1711,-6.253051757812500e-02,-5.221557617187500e-02,8.146491283705569e-02,2.351004084077957e-06,-5.836063827799332e-06
226,1.133659420771850e-01,-5.020606201832686e-02,3715,-1645,1.133728027343750e-01,-5.020141601562500e-02,1.239902196538959e-01,6.860657189966535e-06,4.646002701863550e-06
227,-1.129607208455054e-02,1.512235302800283e-01,-370,4955,-1.129150390625000e-02,1.512145996093750e-01,1.516355934320450e-01,4.568178300537462e-06,-8.930670653273243e-06
228,-1.336877474188935e-01,-8.662607727093879e-02,-4381,-2839,-1.336975097656250e-01,-8.663940429687500e-02,1.593154433645614e-01,-9.762346731528870e-06,-1.332702593620505e-05
229,1.269183574388993e-01,-6.879578261834546e-02,4159,-2254,1.269226074218750e-01,-6.878662109375000e-02,1.443639411912218e-01,4.249982975657041e-06,9.161524595457937e-06
230,1.420333949236539e-03,1.073789460643989e-01,47,3519,1.434326171875000e-03,1.073913574218750e-01,1.074009354730220e-01,1.399222263846062e-05,1.241135747605260e-05
231,-4.880806968053740e-02,-1.966793980840810e-02,-1599,-644,-4.879760742187500e-02,-1.965332031250000e-02,5.260664871862829e-02,1.046225866239980e-05,1.461949590809974e-05
232,-1.930970620136664e-02,-4.336921857931363e-03,-633,-142,-1.931762695312500e-02,-4.333496093750000e-03,1.979772460397022e-02,-7.920751758355021e-06,3.425764181362763e-06
233,1.877972057406619e-02,-8.315211712542822e-02,615,-2725,1.876831054687500e-02,-8.316040039062500e-02,8.525198926660305e-02,-1.141002719119363e-05,-8.283265196779022e-06
234,1.124751344320400e-01,9.100912731972584e-02,3686,2982,1.124877929687500e-01,9.100341796875000e-02,1.446897565447374e-01,1.265853671003625e-05,-5.709350975838245e-06
235,-1.706272197801789e-01,7.093768039841007e-02,-5591,2324,-1.706237792968750e-01,7.092285156250000e-02,1.847769599687827e-01,3.440483303918107e-06,-1.482883591007178e-05
236,2.189235013335297e-02,-1.954675476371077e-01,717,-6405,2.188110351562500e-02,-1.954650878906250e-01,1.966860017264860e-01,-1.124661772797242e-05,2.459746482719183e-06
237,1.431410025309883e-01,1.013064391007698e-01,4690,3320,1.431274414062500e-01,1.013183593750000e-01,1.753592724378759e-01,-1.356112473832605e-05,1.192027423019271e-05
238,-1.080319800141381e-01,5.453608147076325e-02,-3540,1787,-1.080322265625000e-01,5.453491210937500e-02,1.210166047070756e-01,-2.465483619484843e-07,-1.169361388247969e-06
239,-5.426701721726983e-03,-4.023640205465968e-02,-178,-1318,-5.432128906250000e-03,-4.022216796875000e-02,4.058732339734237e-02,-5.427184523017214e-06,1.423408590968400e-05
240,-3.821762747646013e-02,-4.384229230282163e-02,-1252,-1437,-3.820800781250000e-02,-4.385375976562500e-02,5.816359777886174e-02,9.619663960132308e-06,-1.146746280337313e-05
241,1.436718428939892e-01,-4.697513865598482e-02,4708,-1539,1.436767578125000e-01,-4.696655273437500e-02,1.511584195844300e-01,4.914918510845467e-06,8.585921609821634e-06
242,-3.946347769556696e-02,2.188267340891657e-01,-1293,7171,-3.945922851562500e-02,2.188415527343750e-01,2.223705374329984e-01,4.249179941961945e-06,1.481864520930243e-05
243,-1.951889339332556e-01,-1.599538636125987e-01,-6396,-5241,-1.951904296875000e-01,-1.599426269531250e-01,2.523508425947046e-01,-1.495754244434933e-06,1.123665947366792e-05
244,2.114548551145533e-01,-8.354258155677464e-02,6929,-2738,2.114562988281250e-01,-8.355712890625000e-02,2.273665764907960e-01,1.443713571691596e-06,-1.454734947535508e-05
245,-1.615665019788642e-02,1.426620789500425e-01,-529,4675,-1.614379882812500e-02,1.426696777343750e-01,1.435801489950243e-01,1.285136976142409e-05,7.598784332485398e-06
246,-1.516768793584499e-02,1.635735456303419e-03,-497,54,-1.516723632812500e-02,1.647949218750000e-03,1.525650007245349e-02,4.516077199909208e-07,1.221376244658120e-05
247,-1.399262571960473e-01,3.767161955455146e-02,-4585,1234,-1.399230957031250e-01,3.765869140625000e-02,1.449022075386605e-01,3.161492922343356e-06,-1.292814830146372e-05
248,6.098844658119480e-02,-2.730167993902630e-01,1998,-8946,6.097412109375000e-02,-2.730102539062500e-01,2.797363797955325e-01,-1.432548744480233e-05,6.545484013020797e-06
249,2.560763337244105e-01,2.285268823880940e-01,8391,7488,2.560729980468750e-01,2.285156250000000e-01,3.432095150164917e-01,-3.335677535520887e-06,-1.125738809398813e-05
250,-2.711368221995516e-01,9.400513342198935e-02,-8885,3080,-2.711486816406250e-01,9.399414062500000e-02,2.869782326715413e-01,-1.185944107340298e-05,-1.099279698935085e-05
251,8.917873102050188e-03,-8.812339861846676e-02,292,-2888,8.911132812500000e-03,-8.813476562500000e-02,8.858411369865195e-02,-6.740289550187517e-06,-1.136700653324441e-05
252,-1.526196919644738e-01,-1.554254173644075e-01,-5001,-5093,-1.526184082031250e-01,-1.554260253906250e-01,2.178293549804133e-01,1.283761348835899e-06,-6.080262174579243e-07
253,4.692981849468585e-01,-1.367867740874672e-01,15378,-4482,4.692993164062500e-01,-1.367797851562500e-01,4.888256928668577e-01,1.131459391512379e-06,6.988931217227767e-06
254,-9.411874190636915e-02,4.084903766051070e-01,-3084,13385,-9.411621093750000e-02,4.084777832031250e-01,4.191801051240042e-01,2.530968869152161e-06,-1.259340198195291e-05
255,3.818425104038996e-01,3.804714984503398e-01,12512,12467,3.818359375000000e-01,3.804626464843750e-01,5.390273727153366e-01,-6.572903899604299e-06,-8.851965964784547e-06
